Title,Company,Link,MinSalary,MaxSalary,"Currency, Skills"
Junior Frontend Engineer,KKday,https://www.cakeresume.com/companies/kkday/jobs/junior-frontend-engineer,58333,83333,TWD,"Web, Frontend, HTML, JavaScript, CSS, Sass, Vue, Vuex, ES6, RWD, Webpack, Axios, Lodash, BEM, Bootstrap, npm, node, git, SEO, "
å‰ç«¯å·¥ç¨‹å¸« Front-End Developer (Vue.js ),SoftChef è»Ÿé ˜ç§‘æŠ€è‚¡ä»½æœ‰é™å…¬å¸,https://www.cakeresume.com/companies/softchef/jobs/front-end-developer-vue-js,50000,80000,TWD,"vue.js, AWS, AWS Amplify, NuxJs, "
eCommerce - Frontend Engineer,HTC å®é”åœ‹éš›é›»å­è‚¡ä»½æœ‰é™å…¬å¸,https://www.cakeresume.com/companies/htc/jobs/ecommerce-frontend-engineer,600000,1200000,TWD,"Web Developer, HTML5, CSS3, jQuery, Ajax, RWD, JavaScript, React, Node.js, Git, "
Frontend Engineer,VIVEPORT å®é¡˜æ•¸ä½è‚¡ä»½æœ‰é™å…¬å¸,https://www.cakeresume.com/companies/viveport/jobs/frontend-engineer-4f05df,850000,1500000,TWD,"Web Developer, JavaScript, HTML5, CSS3, LESS, SASS, Vue.js, React.js, Agile, Scrum, "
Frontend Engineer,Splashtop Inc.,https://www.cakeresume.com/companies/splashtop/jobs/frontend-engineer-4adea0,700000,1500000,TWD,"React.js, Frontend, Typescript, "
" (Sr.) Frontend Developer å‰ç«¯å·¥ç¨‹å¸«",OpenNet é–‹ç¶²æœ‰é™å…¬å¸,https://www.cakeresume.com/companies/opennet-limited/jobs/frontend-developer-front-end-engineer-a4d10c,58333,166666,TWD,"frontend, front end, Front-end, vue, react, angular, "
ç¶²é å‰ç«¯å·¥ç¨‹å¸« (å°åŒ—/æ–°ç«¹/å°ä¸­/é«˜é›„/å°å—),æ˜•åŠ›è³‡è¨Š TPIsoftware,https://www.cakeresume.com/companies/TPIsoftware/jobs/web-front-end-engineer-taipei,35000,80000,TWD,"HTML5, CSS, HTML/CSS, JavaScript, jQuery, React, Angular, vue.js, Front-end, frontend engineer, "
è»Šè¯ç¶²å¹³å° - å‰ç«¯å·¥ç¨‹å¸« Frontend Engineer,ä¸‰ç¶­äººè‚¡ä»½æœ‰é™å…¬å¸,https://www.cakeresume.com/companies/3drens/jobs/iot-front-end-engineer,560000,770000,TWD,"javascript, React, Node.js, CSS3, HTML5, Ajax, "
å‰ç«¯å·¥ç¨‹å¸« (Front End Developer),è¦–è¦ºåŠ›æœ‰é™å…¬å¸,https://www.cakeresume.com/companies/mitstudio-myportfolio/jobs/front-end-developer-439672,35000,45000,TWD,"JavaScript, HTML5, CSS3, Git, jQuery, Vue.js, illustrator, å‰ç«¯é–‹ç™¼, "
25sprout Front-End Developer,æ–°èŠ½ç¶²è·¯è‚¡ä»½æœ‰é™å…¬å¸,https://www.cakeresume.com/companies/25sprout_LLC/jobs/25sprout-front-end-developer,49000,58333,TWD,
Front-end Engineer (Angular) å‰ç«¯å·¥ç¨‹å¸«,Numbers Protocol (ä¸»å¼µæ•¸æ“šè‚¡ä»½æœ‰é™å…¬å¸),https://www.cakeresume.com/companies/numbersprotocol/jobs/front-end-engineer-angular,83333,149999,TWD,
è³‡æ·±å‰ç«¯å·¥ç¨‹å¸« | Sr. Frontend Engineer,AmazingTalker,https://www.cakeresume.com/companies/amazingtalker/jobs/senior-frontend-engineer-web,116666,174999,TWD,"Vue.js, Nuxt.js, javascript, React.js, å‰ç«¯å·¥ç¨‹å¸«, "
ğŸ”¥  [è³‡æ·±] å‰ç«¯è»Ÿé«”å·¥ç¨‹å¸« ğŸ›   Senior Front-End Engineer (å½ˆæ€§é ç«¯) ,Aha,https://www.cakeresume.com/companies/aha/jobs/front-end-software-engineer-f377d2,80000,160000,TWD,"JavaScript, Node.js, Express.js, React.js, Vue.js, Redux, HTML5, CSS3, HTML/CSS, HTML, CSS, SCSS, Front-end, Front-End, Frontend, frontend engineer, F2E, Sass, SASS, Bootstrap, "
Frontend developer | å‰ç«¯å·¥ç¨‹å¸« (Vue.js),AIRA Corporation,https://www.cakeresume.com/companies/aira/jobs/frontend-developer-frontend-engineer-vue-js,40000,80000,TWD,"vue.js, JavaScript, HTML/CSS, RESTfulAPI, AI, "
Vue å‰ç«¯å·¥ç¨‹å¸« Frontend Developer (TJ-107),Trunk Studio å‰µç§‘è³‡è¨Š - å°åŒ—,https://www.cakeresume.com/companies/Trunk-Studio-Taipei/jobs/vue-front-end-developer-TJ107,45000,55000,TWD,
å‰ç«¯å·¥ç¨‹å¸« Front-end developer (React),æ©˜è‰²åŒ—æ¥µç†Šæœ‰é™å…¬å¸,https://www.cakeresume.com/companies/eqm.ai/jobs/front-end-engineer-ba9712,1000000,1700000,TWD,"React.js, AWS, "
" Front-End Engineer ç¶²é å‰ç«¯å·¥ç¨‹å¸« (React)",JTæ•¸ä½æ•´åˆè¡ŒéŠ·,https://www.cakeresume.com/companies/jiantong/jobs/front-end-engineer-React-888,420000,720000,TWD,"å‰ç«¯å·¥ç¨‹å¸«, React, JavaScript, Github, "
Jr./Sr.Frontend Engineer,å¼·å‹æœ‰é™å…¬å¸,https://www.cakeresume.com/companies/pro-104-vip-cust-master-498580/jobs/jr-sr-frontend-engineer,50000,120000,TWD,"HTML, CSS, JavaScript, Git, SPA, SSR, Angular, "
" å‰ç«¯é–‹ç™¼å·¥ç¨‹å¸« Front-End Developer",æ™ºéˆ¦æ˜Ÿå¹³å°æœå‹™æœ‰é™å…¬å¸,https://www.cakeresume.com/companies/gtstw/jobs/front-end-developer-f6df8c,50000,116666,TWD,
Flutter App Developer,9 Count,https://www.cakeresume.com/companies/9count/jobs/flutter-app-developer-1b7d6c,1000000,1600000,TWD,"Flutter, Mobile Application Development, "
Sr. Frontend Developer è³‡æ·±å‰ç«¯å·¥ç¨‹å¸«,æ¼¸å¼·å¯¦é©—å®¤ Crescendo Lab Ltd.,https://www.cakeresume.com/companies/crescendo-lab/jobs/frontend-developer-react-front-end-engineer,1000000,1600000,TWD,"JavaScript, React.js, Frontend, å‰ç«¯, TypeScript, HTML/CSS, Node.js, Webpack, "
Vue å·¥ç¨‹å¸«,é”æš‰è³‡è¨Š,https://www.cakeresume.com/companies/lustertech/jobs/vue-js-front-end-engineer,40000,70000,TWD,"vue.js, Vue, Vuex, "
å‰ç«¯å·¥ç¨‹å¸«,ç¶ æ“ŠæŒæ•¸ä½æœ‰é™å…¬å¸,https://www.cakeresume.com/companies/cacdi/jobs/front-end-engineer-0d6ef9,3,4,TWD,"JavaScript, CSS3, HTML5, React, Redux, Next.js, Git, "
å‰ç«¯å·¥ç¨‹å¸«,è¦ªå­å¤©ä¸‹è‚¡ä»½æœ‰é™å…¬å¸,https://www.cakeresume.com/companies/parenting/jobs/front-end-engineer-5479ed,55000,85000,TWD,"å‰ç«¯å·¥ç¨‹å¸«, å‰ç«¯é–‹ç™¼, è»Ÿé«”è¨­è¨ˆå·¥ç¨‹å¸«, "
å‰ç«¯è»Ÿé«”é–‹ç™¼å·¥ç¨‹å¸« (Frontend Software Developer),Akohub,https://www.cakeresume.com/companies/akohub/jobs/frontend-software-developer,75000,125000,TWD,"React.js, Redux, Node.js, Frontend, Shopify, Facebook ads, Google ads, software development, "
Branch8è³‡æ·±/ä¸»ç®¡å‰ç«¯å·¥ç¨‹å¸« React,Branch8,https://www.cakeresume.com/companies/branch8/jobs/react-44a7a3,100000,149999,TWD,"JavaScript, React.js, React, Node.js, Node, reactjs, "
è‡ªå‹•åŒ–æ¸¬è©¦é–‹ç™¼å·¥ç¨‹å¸« Jr. Software Development Engineer in Test (Jr. SDET),å·´æ—ºå¡æŸå¾·å…‹æœ‰é™å…¬å¸,https://www.cakeresume.com/companies/bahwancybertek/jobs/qa-engineer-74f371,58333,0,TWD,
Sr. Frontend Developer/Frontend Architect è³‡æ·±å‰ç«¯å·¥ç¨‹å¸«/å‰ç«¯æ¶æ§‹å¸«,å¤©è„ˆç§‘æŠ€è‚¡ä»½æœ‰é™å…¬å¸,https://www.cakeresume.com/companies/smartbeeintel/jobs/front-end-assistant-engineer,70000,120000,TWD,"vuejs, Vue, vue.js, HTML, CSS, JavaScript, React.js, AngularJS, "
å‰ç«¯å·¥ç¨‹å¸«,ç±³ç´„ç§‘æŠ€æœ‰é™å…¬å¸,https://www.cakeresume.com/companies/9ce1d0/jobs/front-end-engineer-e5a113,50000,100000,TWD,
ç¶²é å‰ç«¯å·¥ç¨‹å¸«,ç¿åŠ ç§‘æŠ€è‚¡ä»½æœ‰é™å…¬å¸,https://www.cakeresume.com/companies/aiplux/jobs/web-front-end-engineer-47548b,35000,60000,TWD,"Git, CSS, Vue.js, TailwindCSS, RESTful API, "
Engineering Manager ,Glints,https://www.cakeresume.com/companies/glints-ab8f5c/jobs/engineering-manager-609029,130000,170000,TWD,
Senior Frontend Developer è³‡æ·±å‰ç«¯å·¥ç¨‹å¸«,Code Zero é›¶ç¢¼ç§‘æŠ€,https://www.cakeresume.com/companies/codezero/jobs/senior-frontend-developer-5a6511,60000,100000,TWD,"Vue, Vue.js, React, React.js, Frontend, JavaScript, TypeScript, "
Frontend Engineer,Firstory,https://www.cakeresume.com/companies/firstory/jobs/frontend-engineer-2021,600000,1200000,TWD,"React.js, JavaScript, Frontend, "
Senior/Junior Front-end Engineer,DeepWave è¿ªå¨æ™ºèƒ½è‚¡ä»½æœ‰é™å…¬å¸,https://www.cakeresume.com/companies/deepwave/jobs/front-end-engineer-cd87fa,60000,120000,TWD,"frontend engineer, React, JavaScript, HTML5, CSS, Design, Github, teamwork, "
å‰ç«¯é–‹ç™¼å·¥ç¨‹å¸« ï¼ˆFrontend Engineer),ç¥ç¶“å…ƒç§‘æŠ€è‚¡ä»½æœ‰é™å…¬å¸,https://www.cakeresume.com/companies/neurobittech/jobs/frontend-engineer-1b29be,532000,700000,TWD,"C#, .NET, Git, Qt, Winform, WPF, JavaScript, Bootstrap, Material-UI, SQL, NoSQL, MySQL, "
Front-End Developer,æ„›å¥½è³‡è¨Šç§‘æŠ€æœ‰é™å…¬å¸,https://www.cakeresume.com/companies/aihao/jobs/junior-front-end-developer,34799,55400,TWD,"Ruby on Rails, Ruby, JavaScript, Vue.js, Rails, "
Webå‰ç«¯é–‹ç™¼å·¥ç¨‹å¸« ,Glory Information Ltd.,https://www.cakeresume.com/companies/glory-information-ltd/jobs/web-front-end-development-engineer-2bea37,60000,100000,TWD,"HTML, CSS, JavaScript, jQuery, Vue.js, angular.js, Bootstrap, "
è³‡æ·±å‰ç«¯å·¥ç¨‹å¸«,æ„›ç¢¼å¸‚æ™ºèƒ½ç§‘æŠ€è‚¡ä»½æœ‰é™å…¬å¸,https://www.cakeresume.com/companies/imarts/jobs/senior-front-end-engineer-252c8f,50000,80000,TWD,"React.js, Node.js, "
ã€E-Commerceã€‘Sr. Frontend Engineer è³‡æ·±å‰ç«¯å·¥ç¨‹å¸« (React),Deep Codify,https://www.cakeresume.com/companies/deep-codify/jobs/senior-frontend-developer-e6e4c9,800000,1200000,TWD,"HTML/CSS, JavaScript, TypeScript, React.js, Redux, Node.js, RESTful API, GraphQL, Frontend, "
ç¶²é å‰ç«¯å·¥ç¨‹å¸«,å¸ƒæ‹‰æ²ƒç§‘æŠ€æœ‰é™å…¬å¸,https://www.cakeresume.com/companies/musicbravo/jobs/web-front-end-engineer-cb9f24,40000,65000,TWD,"React.js, HTML/CSS, "
å‰ç«¯é–‹ç™¼å·¥ç¨‹å¸« (Vue.js),å‡Œæ³¢è‚¡ä»½æœ‰é™å…¬å¸,https://www.cakeresume.com/companies/83764072/jobs/front-end-development-engineer-vue-js,40000,70000,TWD,
[é›²ç«¯ç”¢å“éƒ¨] å‰ç«¯é–‹ç™¼å·¥ç¨‹å¸« (Front-end Developer),äººå·¥æ™ºèƒ½è‚¡ä»½æœ‰é™å…¬å¸ AI3 Co.,https://www.cakeresume.com/companies/ai3-cloud/jobs/dde1e7,45000,70000,TWD,
åœ‹éš›ç´šå€å¡Šéˆå…¬å¸ - è³‡æ·±å‰ç«¯å·¥ç¨‹å¸« - CH,CakeResume Headhunting Service çµæ‰é¡§å•,https://www.cakeresume.com/companies/cakeresume-recruitment-consulting/jobs/1bb7b9,1,2,TWD,
ã€è³‡æ·±é›»å•†å‰ç«¯å·¥ç¨‹å¸«ã€‘Sr. Front-End Engineer,POSITIVE GRID ä½³æ ¼æ•¸ä½ç§‘æŠ€æœ‰é™å…¬å¸,https://www.cakeresume.com/companies/positive-grid/jobs/senior-front-end-engineer-sr-front-end-engineer,70000,133333,TWD,
å‰ç«¯å·¥ç¨‹å¸«(å¯é ç«¯å·¥ä½œï¼‰,AsiaYo,https://www.cakeresume.com/companies/asiayo/jobs/front-end-engineer-f5b5d6,700000,1200000,TWD,"JavaScript, CSS, HTML, OTA, å‰ç«¯å·¥ç¨‹å¸«, å‰ç«¯é–‹ç™¼, å‰ç«¯é–‹ç™¼å·¥ç¨‹å¸«, å‰ç«¯, "
Junior Web Frontend Developer,Dcard ç‹„å¡ç§‘æŠ€è‚¡ä»½æœ‰é™å…¬å¸,https://www.cakeresume.com/companies/dcard/jobs/junior-web-frontend-developer,58333,83333,TWD,"HTML, CSS, React, JavaScript, "
[KKBOX] Frontend Engineer,KKCompany,https://www.cakeresume.com/companies/kkcompany/jobs/kkbox-Frontend-Engineer,720000,1080000,TWD,
å‰ç«¯å·¥ç¨‹å¸« Frontend Developer,FunNow - å³æ™‚é è¨‚éƒ½æœƒäº«æ¨‚çš„ç¬¬ä¸€é¸æ“‡,https://www.cakeresume.com/companies/funnow/jobs/f2e-fdf9e1,800000,1100000,TWD,"Front-end, vue.js, CSS, JavaScript, Nuxt.js, SEO, "
"Mid-Senior Software Engineer, IXT (Frontend)",OneDegree,https://www.cakeresume.com/companies/onedegree/jobs/senior-front-end-engineer-can-work-after-year,840000,1799999,TWD,"React.js, "
Front-End Software Engineer å‰ç«¯å·¥ç¨‹å¸«,Teahouse Finance,https://www.cakeresume.com/companies/teahouse-finance/jobs/front-end-software-engineer-eef2fb,90000,130000,TWD,"HTML/CSS, JavaScript, Github, Vue.js, AngularJS, React.js, "
HTML5 Developerå‰ç«¯å·¥ç¨‹å¸«,Miiitechå°ç±³ç¶²è·¯ç§‘æŠ€è‚¡ä»½æœ‰é™å…¬å¸,https://www.cakeresume.com/companies/miiitech/jobs/314dd4,56000,140000,TWD,
ã€èª å“ç·šä¸Šã€‘è³‡æ·±å·¥ç¨‹å¸« (å‰ç«¯),èª å“ç”Ÿæ´»è‚¡ä»½æœ‰é™å…¬å¸,https://www.cakeresume.com/companies/eslitespectrum/jobs/eslite-online-senior-engineer-front-end,60000,100000,TWD,"Front-end, "
Front-End Developer å‰ç«¯å·¥ç¨‹å¸«,è¡—å£é›»å­æ”¯ä»˜è‚¡ä»½æœ‰é™å…¬å¸,https://www.cakeresume.com/companies/jkopay/jobs/front-end-developer-front-end-engineer-d9ac8c,0,0,TWD,
å‰ç«¯å·¥ç¨‹å¸« Front End Engineer,Stark Tech_é·¹ç¿”æœ‰é™å…¬å¸,https://www.cakeresume.com/companies/StarkTech/jobs/front-end-engineer-ad1aa5,45000,70000,TWD,"#JavaScript, #ReactJS, #å‰ç«¯å·¥ç¨‹å¸«, "
(Jr.-Sr.)H5/VUEå‰ç«¯å·¥ç¨‹å¸«,å …æœç§‘æŠ€æœ‰é™å…¬å¸,https://www.cakeresume.com/companies/etax-nat-gov-cbes-web-cbes113w1_1-35a2d8/jobs/jr-sr-h5-vue-front-end-engineer,50000,90000,TWD,
WEBå‰ç«¯é–‹ç™¼å·¥ç¨‹å¸«/è³‡æ·±å·¥ç¨‹å¸«,è¯å‹ç¶²è·¯ç§‘æŠ€æœ‰é™å…¬å¸,https://www.cakeresume.com/companies/cakeresume-companies-huasheng/jobs/web-front-end-development-engineer-senior-engineer,50000,150000,TWD,"HTML, SaaS, ES6, ES7, ES8, ES9, ES10, vue.js, Node.js, Webpack, TypeScript, React, React Native, CSS3, "
ç¶²ç«™æ‡‰ç”¨å·¥ç¨‹å¸«,å¾®è‚¡åŠ›ï¼ˆæ› ä¸–æ™ºèƒ½è‚¡ä»½æœ‰é™å…¬å¸ï¼‰,https://www.cakeresume.com/companies/scantrader/jobs/front-end-engineer-771bd8,40000,60000,TWD,"Vue.js, Nuxt.js, JavaScript, SCSS, NodeJS, "
Senior Front-End Engineer (React) (POS/EC),SHOPLINE å•†ç·šç§‘æŠ€,https://www.cakeresume.com/companies/shopline/jobs/front-end-engineer-600950,1000000,1700000,TWD,"è«³RWDèˆ‡UXè§€å¿µï¼Œä»¥åˆ©æå‡ç”¢å“ä½¿ç”¨é«”é©—ã€‚, å…·æ•´åˆå¾Œå°Railsç¶“é©—ï¼Œç†Ÿæ‚‰serversideæŠ€è¡“, éœ€ç†Ÿæ‚‰Gitç‰ˆæœ¬æ§åˆ¶æŒ‡ä»¤æµç¨‹ç¶“é©—, å‰ç«¯å·¥ç¨‹, å¾Œç«¯å·¥ç¨‹, 1-2å¹´å·¥ä½œç¶“é©—, 2-5å¹´å·¥ä½œç¶“é©—, "
Senior Front-end Engineer,"Synergies Intelligent Systems, Inc. ",https://www.cakeresume.com/companies/synergies/jobs/front-end-engineer-e30490,50000,80000,TWD,"Vue, HTML5, CSS3, "
å‰ç«¯å·¥ç¨‹å¸« Front-End Engineer (å°ä¸­),ç¶²è¨Šç§‘æŠ€è‚¡ä»½æœ‰é™å…¬å¸,https://www.cakeresume.com/companies/cyberinfo/jobs/front-end-engineer-taichung,550000,900000,TWD,"JavaScript, jQuery, CSS, HTML, React, Vue.js, "
"Front-End Developer, Codementor",Arc & Codementor,https://www.cakeresume.com/companies/arc.dev/jobs/front-end-developer-d95d11,900000,1299999,TWD,"React, Redux, Jest, Next.js, å‰ç«¯å·¥ç¨‹, å¹´è³‡ä¸æ‹˜, "
Reactè³‡æ·±å‰ç«¯å·¥ç¨‹å¸«,æµ·ç´æ•¸ä½ç§‘æŠ€è‚¡ä»½æœ‰é™å…¬å¸,https://www.cakeresume.com/companies/emptysea/jobs/senior-front-end-engineer-ec8eb4,104166,183333,TWD,"Git, API, HTML/CSS, JavaScript, "
Reactå‰ç«¯é–‹ç™¼å·¥ç¨‹å¸«,ä¸‰ä¹Ÿç§‘æŠ€è‚¡ä»½æœ‰é™å…¬å¸,https://www.cakeresume.com/companies/trisoaring/jobs/react-front-end-development-engineer-4d852c,50000,70000,TWD,"TypeScript, React, HTTP, git, "
Sr. Frontend Engineer è³‡æ·±å‰ç«¯å·¥ç¨‹å¸«,Tomofun å¯µç‰©AIoTç§‘æŠ€æ–°å‰µ,https://www.cakeresume.com/companies/tomofun/jobs/senior-frontend-engineer-900c6d,75000,108333,TWD,"ReactJS, Redux, React Hooks, CSS Frameworks, Unit Testing, HTML/CSS, JavaScript, "
å‰ç«¯å·¥ç¨‹å¸« (Frontend Engineer),"Mirai Network Co.,LTD.",https://www.cakeresume.com/companies/mirai-network/jobs/front-end-engineer-b9755b,60000,83000,TWD,"JavaScript, React, Hook, HTML, CSS, RWD, AJAX, ES6, Git, AWS, Linux, Code review, å–®å…ƒæ¸¬è©¦, æ•´åˆæ¸¬è©¦, CI/CD, Workflow, Accounting, Human Resource, "
[çŸ¥åAWSä¾›æ‡‰å•†] React Front End Developer å‰ç«¯å·¥ç¨‹å¸« è–ªè³‡å„ªæ¸¥ã€å·¥ä½œç’°å¢ƒå¥½,Conbiz Consulting Firm,https://www.cakeresume.com/companies/conbiz-consulting-firm/jobs/01c537,1200000,1600000,TWD,"React.js, Scrum, Git, RESTful API, gitflow, Github, APIä¸²æ¥, "
å‰ç«¯å·¥ç¨‹å¸« | Frontend Engineer,æˆæ€è‚¡ä»½æœ‰é™å…¬å¸,https://www.cakeresume.com/companies/source/jobs/frontend-developer-react-24c7f8,50000,100000,TWD,
Frontend Engineer,Frontier.cool,https://www.cakeresume.com/companies/frontier-cool/jobs/front-end-developer-94f93d,65000,70000,TWD,"vue.js, vuex, JavaScript, SCSS, HTML/CSS, RWD, Git, GitLab, gitflow, ES6+, RESTful APIs, "
è³‡æ·±å‰ç«¯å·¥ç¨‹å¸« Sr. Frontend Engineer,"æ¨‚é§¿æœ‰é™å…¬å¸ Happy Run Co., Ltd.",https://www.cakeresume.com/companies/twhappyrun/jobs/sr-frontend-engineer-327be7,90000,120000,TWD,"agile, photoshop, react, angular, test, "
è³‡æ·±å‰ç«¯å·¥ç¨‹å¸« Senior Frontend Engineer,Omnichat,https://www.cakeresume.com/companies/omnichat.ai/jobs/senior-frontend-engineer-74bfb1,1000000,1200000,TWD,"JavaScript, Vue.js, SaaS, Startup, Frontend, jQuery, "
Sr. Front-end Software Engineer,"West Pharmaceutical Services Asia, Ltd_è¥¿æ°äºæ´²æœ‰é™å…¬å¸",https://www.cakeresume.com/companies/west-pharmaceutical-services-asia-ltd_/jobs/sr-front-end-software-engineer,83333,125000,TWD,"vue.js, React.js, angular.js, "
è³‡æ·±å‰ç«¯å·¥ç¨‹å¸«,å¤©å ‚éŠæˆ²æœ‰é™å…¬å¸,https://www.cakeresume.com/companies/paradise-soft/jobs/front-end-engineer-53a6f1,83333,166666,TWD,"HTML, CSS, JavaScript, HTTP, RESTful API, Angular, React, Vue, Git, Webpack, ES6, "
ä»£å¾µ è»Ÿé«”ç ”ç™¼å…¬å¸ å‰ç«¯é«˜ç´šå·¥ç¨‹å¸«,åšè³¢äººåŠ›è³‡æºæœ‰é™å…¬å¸,https://www.cakeresume.com/companies/d38998/jobs/53c944,70000,100000,TWD,"JavaScript, HTML5, XML, JSON, jQuery, "
ã€æ¡ç·šä¸Šé¢è«‡ã€‘Full Stack Developer å…¨ç«¯å·¥ç¨‹å¸«,æ–°åŠ å¡å•†éˆ¦å¦ç§‘æŠ€,https://www.cakeresume.com/companies/titansoft-tw/jobs/web-developer-web-front-end-engineer,50000,70000,TWD,"Web Developer, Front-end, JavaScript, jQuery, html, CSS, React, "
"å‰ç«¯å·¥ç¨‹å¸« (æ­£è·,é ç«¯å·¥ä½œ) ",éŸ¿é›¨äº’å‹•å¨›æ¨‚æœ‰é™å…¬å¸,https://www.cakeresume.com/companies/sonicrain/jobs/a570ef,50000,85000,TWD,"Angular, React, Vue, HTML5, CSS3, JS, SCSS, "
å‰ç«¯å·¥ç¨‹å¸«,å¥‡è¹Ÿè¡Œå‹•ç§‘æŠ€æœ‰é™å…¬å¸,https://www.cakeresume.com/companies/miraclemobile-workflow/jobs/front-end-engineer-7bb4ec,40000,80000,TWD,"javascript, react, frontend, "
ã€ITã€‘Front-end Engineer/å‰ç«¯å·¥ç¨‹å¸«,å°ç£çŸ¥è­˜åº«è‚¡ä»½æœ‰é™å…¬å¸,https://www.cakeresume.com/companies/tkb/jobs/it-front-end-engineer,35000,50000,TWD,"HTML, CSS, JavaScript, Vue.js, jQuery, "
è³‡æ·±å‰ç«¯å·¥ç¨‹å¸«,åŒæ­¥ç§‘æŠ€è‚¡ä»½æœ‰é™å…¬å¸,https://www.cakeresume.com/companies/www.potatomedia.co/jobs/react-front-end-engineer-3206c9,50000,100000,TWD,
Vue.js å‰ç«¯å·¥ç¨‹å¸«,å°ç£å¹£èœ‚æ•¸ä½æœ‰é™å…¬å¸,https://www.cakeresume.com/companies/pro-104-vip-cust-master-c41fd4/jobs/vue-js-front-end-engineer-adc01c,40000,60000,TWD,"HTML/CSS, JavaScript, jQuery, Vue.js, HTTP, "
å‰ç«¯å·¥ç¨‹å¸« / App å·¥ç¨‹å¸«,STARBIT æ€å‰é”å‰µæ–°ç§‘æŠ€,https://www.cakeresume.com/companies/starbit/jobs/front-end-engineer-dc7257,30000,60000,TWD,"HTML5, CSS, JavaScript, vue.js, Git, Docker, "
Junior Web Front-end Engineer å‰ç«¯å·¥ç¨‹å¸« - å˜‰ç¾©å¸‚,æ™ºé½¡ç§‘æŠ€è‚¡ä»½æœ‰é™å…¬å¸,https://www.cakeresume.com/companies/jubo-health/jobs/junior-web-front-end-engineer-chiayi-city,500000,700000,TWD,
å‰ç«¯å·¥ç¨‹å¸«,å‡±æ–¯æ•´åˆè¡ŒéŠ·æœ‰é™å…¬å¸,https://www.cakeresume.com/companies/ks-design/jobs/front-end-engineer-792072,40000,60000,TWD,
Frontend Engineer,ç¾å•†æ ¼æ‹‰æ€ç·¹æœ‰é™å…¬å¸å°ç£åˆ†å…¬å¸,https://www.cakeresume.com/companies/glasnostic/jobs/frontend-engineer-5743b0,80000,110000,TWD,"Angular, SCSS, JavaScript, JavaScript ES6 (vanilla & jQuery), RESTful, HTML, "
Front-End Developer,POSEIDON NETWORK,https://www.cakeresume.com/companies/poseidon-network/jobs/front-end-developer-f0f60e,70000,120000,TWD,"Front-end, Remote, "
è³‡æ·±å‰ç«¯é–‹ç™¼äººå“¡,å¸‚æ°‘æ°¸çºŒè‚¡ä»½æœ‰é™å…¬å¸,https://www.cakeresume.com/companies/facebook-greenhope-bc-tw/jobs/senior-front-end-developer-ca8234,50000,80000,TWD,"Vue.js, .NET Core, "
React Frontend Javascript Developer å‰ç«¯å·¥ç¨‹å¸«,Kiipo æ“å¯¶ç§‘æŠ€è‚¡ä»½æœ‰é™å…¬å¸,https://www.cakeresume.com/companies/kiipo/jobs/0eeea9,60000,110000,TWD,"frontend engineer, JavaScript, ReactJS, CSS, Ajax, Redux, "
Front-End Developer(React),æ™ºé‚è¼¯ç§‘æŠ€æœ‰é™å…¬å¸,https://www.cakeresume.com/companies/finlogix-0117c9/jobs/back-end-developer-77d032,65000,100000,TWD,
Webå·¥ç¨‹å¸«,é›…åŒ ç§‘æŠ€è‚¡ä»½æœ‰é™å…¬å¸,https://www.cakeresume.com/companies/yajantech/jobs/web-engineer-f88367,28000,33000,TWD,"vue.js, JavaScript, "
å‰ç«¯é«˜ç´šå·¥ç¨‹å¸« (3005787),Accurateæ„›å®¢çµ-1111é«˜éšçµæ‰ä¸­å¿ƒ,https://www.cakeresume.com/companies/1111headhunt/jobs/senior-front-end-engineer-3005787,62500,100000,TWD,"Front-end, å‰ç«¯å·¥ç¨‹å¸«, Node.js, HTML5, CSS, JavaScript, DOM, Angular, React, Vue, Web Development, Application Engineer, è»Ÿé«”é–‹ç™¼, è»Ÿé«”å·¥ç¨‹å¸«, "
è»Šè¯ç¶² - å‰ç«¯ç¶²é å·¥ç¨‹å¸« ,å‰µæ˜Ÿç‰©è¯ç§‘æŠ€è‚¡ä»½æœ‰é™å…¬å¸,https://www.cakeresume.com/companies/trans-iot/jobs/internet-of-vehicles-front-end-web-engineer,800000,1100000,TWD,"Git, HTML, JavaScript, CSS, Node.js, ç¶²é è»Ÿé«”æ“ä½œ, ç¶²é èªæ³•æ’°å¯«, "
"[é ç«¯]å‰ç«¯ç¶²ç«™è»Ÿé«”ç¨‹å¼é–‹ç™¼å·¥ç¨‹å¸«,ç ”ç™¼æ›¿ä»£å½¹å¯ Remote Front-end Web Software Engineer",æ™ºè¦‹ç§‘æŠ€è‚¡ä»½æœ‰é™å…¬å¸,https://www.cakeresume.com/companies/nuphoto/jobs/remote-remote-front-end-web-software-engineer,40000,100000,TWD,"+vue.js, +javascript, +frontend, +backend, "
Cloud Application Engineer," å¨ç››é›»å­è‚¡ä»½æœ‰é™å…¬å¸ ",https://www.cakeresume.com/companies/viatech-tw/jobs/cloud-application-engineer-831d56,40000,100000,TWD,"Linux, Java, MySQL, AWS, JavaScript, Node.js, "
è³‡è¨Šå‰¯ç† MIS Assistant Manager,Edom Technology ç›Šç™»ç§‘æŠ€è‚¡ä»½æœ‰é™å…¬å¸,https://www.cakeresume.com/companies/edom-technology/jobs/mis-assistant-manager,45000,60000,TWD,"MIS, IT, C#, "
Senior Frontend Engineer / è³‡æ·±å‰ç«¯å·¥ç¨‹å¸« (React) ,CakeResume,https://www.cakeresume.com/companies/cakeresume/jobs/software-software-engineer-web-frontend-react,1000000,1799999,TWD,"Front-end, å‰ç«¯, React.js, Redux, Next.js, "
å‰ç«¯å·¥ç¨‹å¸«,æ ¼æ‹‰å¢¨ç§‘æŠ€æœ‰é™å…¬å¸,https://www.cakeresume.com/companies/dc3d4e/jobs/front-end-engineer-dd2c0a,40000,80000,TWD,"Web, Vue.js, H5, ES6, CSS, Git, æ¡†æ¶, webpack, RWD, React.js, ç¶²é é–‹ç™¼, ç¶²é å·¥ç¨‹å¸«, å‰ç«¯å·¥ç¨‹å¸«, å‰ç«¯é–‹ç™¼å·¥ç¨‹å¸«, Front-end, Animation, JavaScript, gulp, "
Front-End Engineer å‰ç«¯å·¥ç¨‹å¸«,è‰¾æ™®ç‰¹åª’é«”æœ‰é™å…¬å¸,https://www.cakeresume.com/companies/adbertech-4a8209/jobs/front-end-engineer-b4ebae,40000,55000,TWD,"JavaScript ES6 (vanilla & jQuery), HTML/CSS, React.js, Restful API, Canvas, "
Web Front-end Developer ç¶²é å‰ç«¯å·¥ç¨‹å¸«,Dapp.com,https://www.cakeresume.com/companies/dapp-com/jobs/web-front-end-developer-bc6bae,3000,5000,USD,"JavaScript, Vue.js, RWD, SEO, "
Software Engineer - Frontend (Multiple headcounts in different teams),ShopBack å›é¥‹ç¶²è‚¡ä»½æœ‰é™å…¬å¸,https://www.cakeresume.com/companies/shopback/jobs/307e89,800000,1500000,TWD,
å‰ç«¯å·¥ç¨‹å¸«,ä¸­å¤®é€šè¨Šç¤¾,https://www.cakeresume.com/companies/cna-e64e14/jobs/front-end-engineer-1c5609,45000,70000,TWD,"Front-End, frontend engineer, Vue.js, git, ES6, "
Senior Frontend Developer å‰ç«¯å·¥ç¨‹å¸«,Lootex,https://www.cakeresume.com/companies/lootex/jobs/frontend-developer-1b1b12,1000000,1500000,TWD,"JavaScript, React.js, web3, ethereum, "
Senior Frontend Developer,SamaTech,https://www.cakeresume.com/companies/samatech/jobs/frontend-developer-4adf8b,60000,140000,TWD,"Frontend, Vue, TypeScript, ES6+, PostCSS, Vite, "
å‰ç«¯é–‹ç™¼å·¥ç¨‹å¸«å¯¦ç¿’ç”Ÿ Front-End Developer Intern,View Source (å°‹æ ¹ç©¶åº•),https://www.cakeresume.com/companies/view-source/jobs/front-end-developer-intern-2340fb,33000,45000,TWD,"Frontend, Shopify, WordPress, HTML/CSS, CSS, JavaScript, React.js, React, Web Development, "
Frontend Engineer å‰ç«¯å·¥ç¨‹å¸«,"å¨è¨±ç§»å‹•è‚¡ä»½æœ‰é™å…¬å¸ ( WishMobile, Inc. )",https://www.cakeresume.com/companies/wishmobile-inc/jobs/senior-frontend-engineer-7405a4,0,0,TWD,
Senior C#.Net Engineer | è³‡æ·± C#.Net å·¥ç¨‹å¸«,portto | é–€æˆ¶ç§‘æŠ€,https://www.cakeresume.com/companies/portto/jobs/senior-c-net-engineer,100000,200000,TWD,"Frontend, Blockchain, JavaScript, Solidity, SDK, Web Developer, "
Senior Front End Engineer,é«˜ä½è»Ÿé«”è³‡è¨Šæœ‰é™å…¬å¸,https://www.cakeresume.com/companies/variable/jobs/senior-front-end-engineer-62f1e5,100000,130000,TWD,"frontend engineer, Front-End, NodeJS, Angular, Remote, Remote Working, React, Bootstrap, fullstack engineer, "
Sr. Frontend Engineer,æ˜Ÿéˆç§‘æŠ€æœ‰é™å…¬å¸,https://www.cakeresume.com/companies/233ab0/jobs/sr-frontend-engineer-9c0f68,83333,125000,TWD,"CSS, JavaScript, HTML5, vue.js, Vuex, Sass, SCSS, React, Git, "
è³‡æ·±å‰ç«¯å·¥ç¨‹å¸«(React),TutorABC,https://www.cakeresume.com/companies/tutorabc/jobs/senior-front-end-engineer-react-b64b91,65000,120000,TWD,"React.js, React, RWD, Material-UI, TypeScript, "
ç¶²é å‰ç«¯å·¥ç¨‹å¸«ï¼ˆéƒ¨åˆ†é ç«¯ï¼‰,æ”œå½¼å‰µæ–°è‚¡ä»½æœ‰é™å…¬å¸,https://www.cakeresume.com/companies/dingup-cc/jobs/web-front-end-engineer-part-of-the-remote,384000,720000,TWD,"vue.js, js, JavaScript, Frontend, React, Laravel, PHP, é«˜é›„, "
Front-end Engineer,æ³°é›…ç§‘æŠ€è‚¡ä»½æœ‰é™å…¬å¸ ,https://www.cakeresume.com/companies/atayalan/jobs/front-end-engineer-943b9f,1000000,1799999,TWD,
Frontend Engineer,è¯ç‰ç§‘æŠ€è‚¡ä»½æœ‰é™å…¬å¸,https://www.cakeresume.com/companies/asjadetech/jobs/frontend-engineer-1f325f,700000,2000000,TWD,"Flutter, Angular, React, Vue, "
Sr. Front-end/Full-stack Engineer,å°ç£äººå·¥æ™ºæ…§å¯¦é©—å®¤ Taiwan AILabs,https://www.cakeresume.com/companies/ailabs/jobs/sr-front-end-full-stack-engineer,900000,2000000,TWD,"JavaScript, React.js, vue.js, HTML5, CSS3, TypeScript, "
ReactJsè³‡æ·±å‰ç«¯å·¥ç¨‹å¸«,MAYO é¼æ’æ•¸ä½ç§‘æŠ€è‚¡ä»½æœ‰é™å…¬å¸,https://www.cakeresume.com/companies/mayohr/jobs/569271,700000,1299999,TWD,"AJAX, REXX, MS SQL, JavaScript, "
Web Developer (React)/ç¶²é å·¥ç¨‹å¸« (React),FUNPODIUM,https://www.cakeresume.com/companies/funpodium/jobs/web-developer-react-web-engineer-react,40000,0,TWD,"ReactJS, Web Development, HTML5, CSS, JavaScript, "
è³‡æ·±å‰ç«¯å·¥ç¨‹å¸«,ç¶²éš›å¨ä¿¡è‚¡ä»½æœ‰é™å…¬å¸,https://www.cakeresume.com/companies/hitrust/jobs/senior-front-end-engineer-efa93c,3333,5000,TWD,
Front-end Web Developer å‰ç«¯å·¥ç¨‹å¸« (React),è‰¾åšç¢©è‚¡ä»½æœ‰é™å…¬å¸,https://www.cakeresume.com/companies/inbasepartners-6de960/jobs/front-end-web-developer-react,60000,100000,TWD,"React, React.js, "
è³‡æ·±å‰ç«¯å·¥ç¨‹å¸«,å‡ä¸€å¹³å°æ•™è‚²åŸºé‡‘æœƒ,https://www.cakeresume.com/companies/official-junyiacademy-org-job/jobs/front-end-engineer-sr-jr,70000,100000,TWD,"HTML/CSS, Framework, JavaScript, React, "
å‰ç«¯å·¥ç¨‹å¸« front-end (e-commerce platform) ,å¥½é£¾é›†ç§‘æŠ€æœ‰é™å…¬å¸ (Kollectin),https://www.cakeresume.com/companies/kollectin-taiwan/jobs/83c854,58333,100000,TWD,"front-end, javascript, css, jQuery, Shopify, Vue, ReactJS, ES6, "
Full-Stack Web Developer,CloudMosa,https://www.cakeresume.com/companies/cloudmosa/jobs/full-stack-web-developer-f0f205,1500000,3000000,TWD,
Front-end Developer,AHEAD Intelligence Ltd. å…ˆå‹æ™ºèƒ½æœ‰é™å…¬å¸,https://www.cakeresume.com/companies/ahead-intelligence-ltd/jobs/front-end-developer-e09982,60000,80000,TWD,
reactå‰å°é–‹ç™¼å·¥ç¨‹å¸«,æ°ªé¾æœ‰é™å…¬å¸,https://www.cakeresume.com/companies/clonelinc/jobs/react-front-end-development-engineer,700000,1000000,TWD,
å‰ç«¯å·¥ç¨‹å¸«,ç•°è»äº’å‹•å¨›æ¨‚è‚¡ä»½æœ‰é™å…¬å¸,https://www.cakeresume.com/companies/xforce-games/jobs/front-end-engineer-f84aa0,30000,50000,TWD,"HTML5, HTML/CSS, Bootstrap, JavaScript, Vue, React, "
[æ–°è¡€å¤§å‹Ÿé›†] Sr. Frontend Software Engineer/è³‡æ·±å‰ç«¯è»Ÿé«”å·¥ç¨‹,å­šå‰µé›²ç«¯è‚¡ä»½æœ‰é™å…¬å¸,https://www.cakeresume.com/companies/inquartik-99eb4a/jobs/sr-front-end-engineer-00e5d7,80000,100000,TWD,"Front-End, JavaScript, CSS, HTML5, Node.js, vue.js, ci/cd, GitLab, Jenkins, WordPress, "
Front-end Engineer,å®Œç¾æ•¸ä½ç§‘æŠ€æœ‰é™å…¬å¸,https://www.cakeresume.com/companies/nefer/jobs/front-end-engineer-4618ce,50000,100000,TWD,"vue.js, Vuex, vue2.js, Vue3, "
ã€ç¾å•†ã€‘é«˜éšå‰ç«¯å·¥ç¨‹å¸« - é›»å­å•†å‹™ç¶²ç«™é–‹ç™¼å…¬å¸ (å°åŒ—å…§æ¹–),æ­æ–¯ç‘æœ‰é™å…¬å¸ Astral Web,https://www.cakeresume.com/companies/astral-web-taiwan/jobs/bac652,50000,80000,TWD,"å‰ç«¯å·¥ç¨‹å¸«, å‰ç«¯é–‹ç™¼, å‰ç«¯é–‹ç™¼å·¥ç¨‹å¸«, å‰ç«¯, å‰ç«¯å·¥ç¨‹, HTML5, CSS3, JavaScript, MySQL, React, "
Front-End Class Instructor (å‰ç«¯æŠ€è¡“å°å¸«),AppWorks School,https://www.cakeresume.com/companies/appworks-school/jobs/front-end-instructor-front-end-instructor,750000,1299999,TWD,"front-end, education, instructor, HTML5, CSS3, JavaScript (ES6 ), React, Angular.js, Vue.js, Angular, Git, Node.js, Express.js, RESTful API, AWS, GCP, Front-end Developer, "
Frontend Engineer,Pinkoi,https://www.cakeresume.com/companies/pinkoi/jobs/frontend-engineer-d15130,800000,1200000,TWD,"Computer Science, web, JavaScrip, modern web technologie, Git, ES2015, HTML5, CSS3, webpack, React, Sass, PostCSS, progressive enhancement, graceful degradation, responsive design, TCP/IP, HTTP Protocol, XSS, CORS, CSRF, cookies, "
Shopee APP - Frontend Engineer(React-focused) å‰ç«¯å·¥ç¨‹å¸« #å¯å¹´å¾Œåˆ°è·,Shopee æ–°åŠ å¡å•†è¦çš®å¨›æ¨‚é›»å•†æœ‰é™å…¬å¸å°ç£åˆ†å…¬å¸,https://www.cakeresume.com/companies/ShopeeTW/jobs/shopee-app-front-end-engineer-front-end-engineer,45000,70000,TWD,"Bootstrap, RWD, HTML, CSS3, JavaScript, ReactJs, Redux, TypeScript, Git, gitflow, "
ã€Šå¤©ä¸‹é›œèªŒç¾¤ã€‹è³‡æ·±å‰ç«¯å·¥ç¨‹å¸«(Sr. Front end developer),å¤©ä¸‹é›œèªŒè‚¡ä»½æœ‰é™å…¬å¸,https://www.cakeresume.com/companies/parenting-43613b/jobs/f0b5b3,55000,80000,TWD,"HTML5, CSS3, Vue.js, Nuxt.js, MySQL, JavaScript, jQuery, Front-End, frontend engineer, "
å‰ç«¯å·¥ç¨‹å¸«,Don Nelson Recruitment Limited,https://www.cakeresume.com/companies/don-nelson-recruitment-limited/jobs/front-end-engineer-9f1e6d,900000,1299999,TWD,
App å·¥ç¨‹å¸« App Engineer ( React Native ),UNNOTECH,https://www.cakeresume.com/companies/unnotech/jobs/react-native-engineer,50000,0,TWD,"JavaScript, ReactNative, iOS, Android, æ–°å‰µ, å…§æ¹–å€, å°ç£, Github, Git, Mobile, App, å°åŒ—, React.js, "
å‰ç«¯å·¥ç¨‹å¸«(Junior/Senior),Surpavity Inc. è¶…è¶Šç„¡é™è‚¡ä»½æœ‰é™å…¬å¸,https://www.cakeresume.com/companies/surpavity/jobs/front-end-engineer-work-study,40000,60000,TWD,"vue.js, Nuxt, HTML5, HTML/CSS, HTML, html5, Vue.js, Nuxt.js, CSS3, css, Front-end, Front-End, Frontend, JavaScript, javascript, JavaScripts, JavaScrip, Zeplin, zeplin, Git, GitLab, Gitlab, Golang, golang, golangå·¥ç¨‹å¸«, Node.js, Nodejs, NodeJS, node.js, nodejs, nuxt, nuxt.js, NuxJs, å‰ç«¯å·¥ç¨‹å¸«, å‰ç«¯é–‹ç™¼å·¥ç¨‹å¸«, å‰ç«¯é–‹ç™¼, å‰ç«¯, å‰ç«¯å·¥ç¨‹, frontend engineer, frontend, "
å‰ç«¯å·¥ç¨‹å¸«-æ“´å¤§å¾µæ‰,æ€è¯ç§‘æŠ€æœ‰é™å…¬å¸,https://www.cakeresume.com/companies/Silkrode/jobs/web-front-end-development-engineer-1e9957,70000,100000,TWD,"React.js, vue.js, javascript, HTML, css, sass, git, "
ã€è³‡è¨Šç ”ç™¼éƒ¨ã€‘React è³‡æ·±å‰ç«¯å·¥ç¨‹å¸«,è¯åˆæ™ºç¶²è‚¡ä»½æœ‰é™å…¬å¸,https://www.cakeresume.com/companies/shopping-udn/jobs/senior_react,55000,80000,TWD,"React, AntDesign, JavaScript, å‰ç«¯å·¥ç¨‹å¸«, ç¨‹å¼é–‹ç™¼, é›»å­å•†å‹™, "
Engineer (HTML5 / NodeJS / React),Vyond é¦™æ¸¯å•†é«˜å‰µå‹•è¨Šæœ‰é™å…¬å¸å°ç£åˆ†å…¬å¸,https://www.cakeresume.com/companies/vyond-d5be2a/jobs/engineer-html5-nodejs-react,80000,120000,TWD,"C++, HTML, JavaScript, jQuery, Node.js, ReactJS, Angular, "
è³‡æ·±å‰ç«¯å·¥ç¨‹å¸« Senior Front-End Engineer,CYBAVO åšæ­ç§‘æŠ€æœ‰é™å…¬å¸,https://www.cakeresume.com/companies/cybavo-d82e91/jobs/senior-front-end-engineer-d755c0,1200000,1600000,TWD,"Blockchain Engineer, "
å‰ç«¯å·¥ç¨‹å¸« Frontend Engineer (e-commerce team),å‰µè­½ç§‘æŠ€æœ‰é™å…¬å¸,https://www.cakeresume.com/companies/nextgen-hk/jobs/frontend-engineer-e-commerce-team,600000,1000000,TWD,"JavaScript, CSS, HTML, Vue, React, Angular, API, SDK, RWD, Webpack, Babel, Git, Google Analytics, Nuxt, Firebase, Websocket, Unit Test, Scrum, "
[TapPay] è³‡æ·±å…¨ç«¯å·¥ç¨‹å¸« (Senior Full Stack Engineer) #230109,Cherri å–¬ç¿ç§‘æŠ€,https://www.cakeresume.com/companies/cherri/jobs/senior-frontend-engineer,50000,70000,TWD,"HTML, CSS, JavaScript, vue.js, "
å‰ç«¯å·¥ç¨‹å¸«ï¼ˆFront-end Developerï¼‰,ES Design Studio,https://www.cakeresume.com/companies/es-design/jobs/website-front-end-designer,40000,45000,TWD,"javascript, å‰ç«¯å·¥ç¨‹å¸«, ç¶²ç«™è¨­è¨ˆå¸«, ç¶²é è¨­è¨ˆ, HTML5, CSS, "
å‰ç«¯å·¥ç¨‹å¸«,å¥”é¨°ç¶²è·¯ç§‘æŠ€æœ‰é™å…¬å¸,https://www.cakeresume.com/companies/pentium-network/jobs/front-end-engineer-554d0e,60000,0,TWD,"HTML, CSS, JavaScript, ES6, TypeScript, React, Vue, "
å‰ç«¯å·¥ç¨‹å¸« Senior Front-end Engineer,ä¸€é¨°è³‡è¨Šæœå‹™è‚¡ä»½æœ‰é™å…¬å¸,https://www.cakeresume.com/companies/etanits/jobs/787372,650000,1000000,TWD,"angular, HTML5, CSS3, SASS, RWD, GIT, TypeScript, JavaScript, RxJS, Visual Studio Code, Bootstrap, Angular 6+, "
å‰ç«¯å·¥ç¨‹å¸« Frontend Engineer,ç°¡å–®å¹³å°è‚¡ä»½æœ‰é™å…¬å¸,https://www.cakeresume.com/companies/showeasy/jobs/showeasy-frontend,50000,100000,TWD,
React å‰ç«¯é–‹ç™¼å·¥ç¨‹å¸« (1å¹´ä»¥ä¸Šç¶“é©—) FE Developer,WORD UP,https://www.cakeresume.com/companies/word-up/jobs/fd2464,50000,65000,TWD,"React, React Native, mobile, app, Engineering, web, frontend, "
â–ç¶²é å‰ç«¯å·¥ç¨‹å¸« â–é è·é†«ç™‚ æ–°å‰µåœ˜éšŠ ,å‰æ¨‚å¥åº·è³‡è¨Šç§‘æŠ€è‚¡ä»½æœ‰é™å…¬å¸(La Vida Tec.),https://www.cakeresume.com/companies/wacare/jobs/front-end-engineer-b33600,40000,55000,TWD,"CSS, HTML, JavaScript, React, TypeScript, Webpack, App, "
å‰ç«¯ç¶²é å·¥ç¨‹å¸«,æ€è¨€ç§‘æŠ€è‚¡ä»½æœ‰é™å…¬å¸,https://www.cakeresume.com/companies/ohbottech/jobs/front-end-web-engineer-35cec4,48000,58000,TWD,"vue.js, HTML/CSS, tailwindcss, "
â˜…æ–°åŠ å¡å•†ç§‘æŠ€å…¬å¸ - ã€ç¶²é å‰ç«¯å·¥ç¨‹å¸«ã€‘(G19),ç²¾è‹±äººåŠ›è³‡æºè‚¡ä»½æœ‰é™å…¬å¸,https://www.cakeresume.com/companies/imc/jobs/fnpg19,1000000,2000000,TWD,
å‰ç«¯å·¥ç¨‹å¸« Frontend Engineer,åˆ¸åˆ¸æ–‡åŒ–å‚³åª’è‚¡ä»½æœ‰é™å…¬å¸,https://www.cakeresume.com/companies/caffeco-in/jobs/frontend-engineer-4ba005,40000,70000,TWD,"Vue.js, Frontend, React.js, CSS, HTML5, "
å‰ç«¯å·¥ç¨‹å¸«,æ¯”æˆ¿ç§‘æŠ€è‚¡ä»½æœ‰é™å…¬å¸,https://www.cakeresume.com/companies/ibigfun/jobs/front-end-engineer-37d3f5,40000,70000,TWD,"Javascript, React, Redux, SCSS, HTML5 (Semantic Web), "
å‰ç«¯å·¥ç¨‹å¸«,åŸé‚¦æ–‡åŒ–äº‹æ¥­è‚¡ä»½æœ‰é™å…¬å¸,https://www.cakeresume.com/companies/cmh/jobs/front-end-engineer-6c7168,60000,100000,TWD,
Senior Frontend Engineer è³‡æ·±å‰ç«¯å·¥ç¨‹å¸« (React.js),è³½åšæœ‹å…‹ç§‘æŠ€æœ‰é™å…¬å¸,https://www.cakeresume.com/companies/pro-104-vip-index-index-5be5a4/jobs/senior-frontend-engineer-react-js-31da7b,790000,0,TWD,"TypeScript, React.js, React, "
React Frontend Engineer,WOO Network,https://www.cakeresume.com/companies/woonetwork/jobs/quality-assurance-engineer-fa829a,83333,333333,TWD,
React Native æ‰‹æ©ŸAPPå‰ç«¯å·¥ç¨‹å¸« (å¯é ç«¯å·¥ä½œ),è–©æ‘©äºå•†å…ˆè±ç§‘æŠ€è‚¡ä»½æœ‰é™å…¬å¸å°ç£åˆ†å…¬å¸,https://www.cakeresume.com/companies/mtmptech-465f5a/jobs/026df5,50000,80000,TWD,
è³‡æ·±å‰ç«¯å·¥ç¨‹å¸« (ç¶²ç«™é–‹ç™¼)(Taichung),çŠ€ç‰›ç›¾_æ„›é€²åŒ–ç§‘æŠ€è‚¡ä»½æœ‰é™å…¬å¸,https://www.cakeresume.com/companies/rhinoshield/jobs/senior-front-end-engineer-web-development-taichung,800000,1200000,TWD,"HTML, CSS, JavaScript, Vue.js, Git, "
Frontend Developer - PhotoGrid,æ¨‚æ¬£åœ‹éš›è‚¡ä»½æœ‰é™å…¬å¸ï¼ˆPhotoGridã€LiveMe),https://www.cakeresume.com/companies/photogrid-app/jobs/frontend-developer-photogrid,70000,130000,TWD,
è»Ÿé«”å·¥ç¨‹å¸«(æ™ºæ…§æ©Ÿæ¢°ç§‘æŠ€ä¸­å¿ƒ),è²¡åœ˜æ³•äººå·¥æ¥­æŠ€è¡“ç ”ç©¶é™¢,https://www.cakeresume.com/companies/itri-org/jobs/265474,50000,60000,TWD,"Git, å‰ç«¯, PHP, Linux, C#, Vue, ASP, SQL, "
ç¶²é å‰ç«¯å·¥ç¨‹å¸« Web Frontend Developer (WACA é›»å•†æœå‹™äº‹æ¥­ç¾¤),å“‡å¯¶åœ‹éš›è³‡è¨Šè‚¡ä»½æœ‰é™å…¬å¸,https://www.cakeresume.com/companies/wabow/jobs/529fbd,35000,60000,TWD,"HTML, JavaScript, jQuery, CSS, "
I3711 AIoTå‰ç«¯è»Ÿé«”å·¥ç¨‹å¸«,é å‚³é›»ä¿¡è‚¡ä»½æœ‰é™å…¬å¸,https://www.cakeresume.com/companies/fetnet-net-home-551e88/jobs/i3711-aiot-front-end-software-engineer,40000,60000,TWD,"vue.js, "
PHP Laravel å·¥ç¨‹å¸«,æ¢…æ¯”æ–¯æ•¸ä½è¡ŒéŠ·å·¥ä½œå®¤,https://www.cakeresume.com/companies/mobiusdesign/jobs/php-laravel-engineer-9ecba4,40000,60000,TWD,"Laravel, MySQL, HTML, jQuery, Git, PHP, Docker, Linux, Bootstrap, TailwindCSS, AWS, GCP, Azure, CI/CD, PHPUnit, RESTfulAPI, "
Vue.jså‰ç«¯å·¥ç¨‹å¸«,æ—ºæ™æœ‰é™å…¬å¸,https://www.cakeresume.com/companies/104-company-1a2x6bljm8/jobs/vue-js-front-end-engineer-c2f087,40000,150000,TWD,"+vue, +Vue.js, +JavaScript, +css, +zeplin, "
VueJS / NodeJS Web å…¨ç«¯å·¥ç¨‹å¸«(åŠ©ç†/å¯¦ç¿’)," å‰µå¯¦é›²ç«¯ç§‘æŠ€æœ‰é™å…¬å¸",https://www.cakeresume.com/companies/inncom-cloud/jobs/web-front-end-vue3-design-intern,25000,35000,TWD,"HTML5, CSS3, Vue3, JavaScript, "
SR. Front-end Devloper,æœªä¾†å¸‚è‚¡ä»½æœ‰é™å…¬å¸,https://www.cakeresume.com/companies/xrspace/jobs/sr-software-engineer-mobile-apps-android,50000,80000,TWD,"+Internetç¨‹å¼è¨­è¨ˆå¸«, +Vue.js, +css, +Git, +Docker, "
Front End Developer å‰ç«¯ç¶²ç«™å·¥ç¨‹å¸«,Wota Lifestyle,https://www.cakeresume.com/companies/wota.co/jobs/backend-developer-wotaluxe,850000,1039999,TWD,"Vue.js, HTML, CSS, Engineering, 2-5 Years, "
Internetç¨‹å¼è¨­è¨ˆ-å·¥ç¨‹å¸«,Cellopoint,https://www.cakeresume.com/companies/cellopoint/jobs/internet-programming-engineer,35000,65000,TWD,"PHP, Javascript, Vue, "
Vueå‰ç«¯å·¥ç¨‹å¸«,è¯è‹“ç§‘æŠ€è‚¡ä»½æœ‰é™å…¬å¸,https://www.cakeresume.com/companies/flowring/jobs/vue-front-end-engineer-8ae37d,33000,60000,TWD,"Git, HTML, JavaScript, JQuery, CSS, VueJS, è»Ÿé«”ç¨‹å¼è¨­è¨ˆ, ç¶²é è»Ÿé«”æ“ä½œ, "
WEBå‰ç«¯â¼¯ç¨‹å¸«,é›²ç¿¼ç§‘æŠ€æœ‰é™å…¬å¸,https://www.cakeresume.com/companies/81ba26/jobs/web-front-end-engineer-7ca64f,34000,45000,TWD,"HTML, CSS, JavaScript, "
Angular è³‡æ·±è»Ÿé«”é–‹ç™¼å·¥ç¨‹å¸« Senior Software Developer,å‰åº·ç§‘æŠ€è‚¡ä»½æœ‰é™å…¬å¸,https://www.cakeresume.com/companies/webcomm/jobs/software-developer-app,800000,1200000,TWD,"HTML, CSS, JavaScript, Angular, Vue, RESTfulAPI, Git, Cordova, Ionic, "
" React Native Engineer",é‘«åŸå•†å‹™æœ‰é™å…¬å¸,https://www.cakeresume.com/companies/104-company-1a2x6bkv4q-jobsource-n_my104_search/jobs/react-native-development-engineer-96b372,50000,90000,TWD,
WEBå‰ç«¯é–‹ç™¼å·¥ç¨‹å¸«/è³‡æ·±å·¥ç¨‹å¸«,é †é´»ç§‘æŠ€æœ‰é™å…¬å¸,https://www.cakeresume.com/companies/1111-corp-73206122-prevo-1-c4/jobs/bacfe2,50000,150000,TWD,"Vue, Git, HTML/CSS, Nodejs, React, "
Front-End Development å‰ç«¯å·¥ç¨‹å¸«,Playsee,https://www.cakeresume.com/companies/playsee/jobs/front-end-development-front-end-engineer,50000,80000,TWD,"javascript, CSS, HTML5, HTML/CSS, RWD, RESTful API, "
Front-End Web Developer | å‰ç«¯å·¥ç¨‹å¸«,Begonia Design æµ·æ£ è¨­è¨ˆ,https://www.cakeresume.com/companies/begonia-design/jobs/front-end-web-developer-front-end-engineer-9da294,35000,65000,TWD,"HTML/CSS, Bootstrap, Foundation, Vue, Angular, JavaScript, "
Webå‰ç«¯å·¥ç¨‹å¸«,ç™¾é˜œç§‘æŠ€è‚¡ä»½æœ‰é™å…¬å¸,https://www.cakeresume.com/companies/baifu-tech-net/jobs/front-end-engineer-5d2b88,40000,100000,TWD,"JavaScript, HTML/CSS, vue.js, React.js, ReactNative, "
å‰ç«¯å·¥ç¨‹å¸«,æ“æ¨‚æ•¸æ“šæœå‹™,https://www.cakeresume.com/companies/commeet/jobs/commeet-front-end-engineer,40000,55000,TWD,"modern web technologie, JavaScript, jQuery, React, Vue, APIä¸²æ¥, ç¶²é é–‹ç™¼, "
Front-End Developer / å‰ç«¯å·¥ç¨‹å¸«,é›·æŠ€è³‡è¨Šç§‘æŠ€æœ‰é™å…¬å¸,https://www.cakeresume.com/companies/logicsolutions-515/jobs/front-end-developer-ab625c,600000,800000,TWD,"HTML/CSS, JavaScript, Angular, React, Vue, "
<<æ¡ç·šä¸Šé¢è«‡>> Front End Engineer å‰ç«¯å·¥ç¨‹å¸«,å¸Œæ ¼æ–¯è³‡è¨Šç§‘æŠ€æœ‰é™å…¬å¸,https://www.cakeresume.com/companies/official-higgstar/jobs/87861e,0,0,TWD,"HTML, JavaScript, CSS, Sass, Vue.js, React.js, "
111å¹´åº¦ç ”ç™¼æ›¿ä»£å½¹-Webå‰ç«¯å·¥ç¨‹å¸«,ç”²å°šè‚¡ä»½æœ‰é™å…¬å¸,https://www.cakeresume.com/companies/reallusion/jobs/7e8923,40000,0,TWD,
ã€çŸ¥åä¸Šå¸‚éŠæˆ²å…¬å¸ã€‘å‰ç«¯å·¥ç¨‹å¸«Frontend Engineer ,æ–°åŠ å¡å•†ç«‹ç¦äººäº‹é¡§å•æœ‰é™å…¬å¸å°ç£åˆ†å…¬å¸,https://www.cakeresume.com/companies/recruitfirst-e8ca92/jobs/1e83f4,40000,80000,TWD,"Git, B2B, Vue.js, React, RESTful API, CI/CD, CRMé–‹ç™¼, backend, SQL, PostgreSQL, MySQL, SQL Server, Kubernetes, Azure, AWS, GCP, "
Return Helper-è·¨å¢ƒé›»å­å•†å‹™å¹³å° é€†ç‰©æµç³»çµ±å‰ç«¯å·¥ç¨‹å¸« Front-End Engineer,é•·å¤©åœ‹éš›ä¼æ¥­æœ‰é™å…¬å¸,https://www.cakeresume.com/companies/cbesg.com/jobs/02f924,40000,60000,TWD,".net, ES6, Angular, AWS, HTML5, CSS3, javascript, AJAX, jQuery, reactjs, vue.js, AngularJS, Git, RESTful, APIä¸²æ¥, "
Web ç¶²é å‰ç«¯è¨­è¨ˆå·¥ç¨‹å¸«,ç«‘ç››ç§‘æŠ€ CTK Pro,https://www.cakeresume.com/companies/ctk-pro/jobs/web-page-front-end-design-engineer,38000,60000,TWD,"Sketch, Photoshop, HTML/CSS, PHP, MySQL, WordPress, Illustrator, JavaScript, å°åŒ—, "
å‰ç«¯å·¥ç¨‹å¸«,å¡¶æ¨‚å¾®å‰µæœ‰é™å…¬å¸,https://www.cakeresume.com/companies/lulainno/jobs/front-end-engineer-80e6d8,35000,70000,TWD,"HTML, Unity3D, "
Web Developer,Quotz,https://www.cakeresume.com/companies/quotz/jobs/web-developer-ac2678,55000,80000,TWD,
ç¶²ç«™å‰ç«¯å·¥ç¨‹å¸«,äº”å€ç´…å¯¶çŸ³å°ˆæ¥­ç¨‹å¼æ•™è‚²æ©Ÿæ§‹,https://www.cakeresume.com/companies/5xruby-a77621/jobs/front-end-engineer-a30126,40000,50000,TWD,"Front-End, React, JavaScript, HTML, CSS, Git, Next.js, "
Senior Frontend Engineer | è³‡æ·±å‰ç«¯å·¥ç¨‹å¸«,MaiCoin,https://www.cakeresume.com/companies/maicoin/jobs/blockchain-frontend-engineer-front-end-engineer,1200000,2500000,TWD,"frontend engineer, React, "
ã€ç¤¾äº¤å¹³å°ã€‘å‰ç«¯é–‹ç™¼å·¥ç¨‹å¸« Frontend Engineer,ChitChat Technology è¶£èŠç§‘æŠ€,https://www.cakeresume.com/companies/chitchat/jobs/e92cb9,75000,100000,TWD,"Frontend, "
å‰ç«¯å·¥ç¨‹å¸« Front-end engineer,ç‰å±±å•†æ¥­éŠ€è¡Œè‚¡ä»½æœ‰é™å…¬å¸,https://www.cakeresume.com/companies/esunbank/jobs/front-end-engineer-8054e6,50000,80000,TWD,"HTML5, CSS3, JavaScript, JSON, Python, Nodejs, Git, "
Sr. Front-end Developer è³‡æ·±å‰ç«¯å·¥ç¨‹å¸«,ThunderCore é–ƒé›»æ ¸å¿ƒç§‘æŠ€,https://www.cakeresume.com/companies/thundercore/jobs/sr-front-end-developer-23094d,1399999,2500000,TWD,"React Native, React.js, "
ç¶²ç«™å‰ç«¯å·¥ç¨‹å¸«(React.js),17Life_åº·å¤ªæ•¸ä½æ•´åˆè‚¡ä»½æœ‰é™å…¬å¸,https://www.cakeresume.com/companies/17life-a2b20f/jobs/front-end-website-engineer-react-js,40000,70000,TWD,
Frontend Engineer,AMIS å¸³è¯ç¶²è·¯ç§‘æŠ€è‚¡ä»½æœ‰é™å…¬å¸,https://www.cakeresume.com/companies/amis/jobs/frontend-engineer-4cbc3e,1200000,2500000,TWD,"ReactNative, React, blockchain, crypto, Cryptocurrency, startup, lean startup, "
æ•¸ä½é–‹ç™¼éƒ¨_å‰ç«¯å·¥ç¨‹å¸«Front End Engineer,ä¸­å¤©é›»è¦–è‚¡ä»½æœ‰é™å…¬å¸,https://www.cakeresume.com/companies/ctitv-f7a443/jobs/e02e9a,50000,100000,TWD,"HTML/CSS, JavaScript, CSS, SASS, Nuxt.js, vue.js, "
Senior Front-End Engineer è³‡æ·±å‰ç«¯å·¥ç¨‹å¸«,Pelith,https://www.cakeresume.com/companies/pelith/jobs/senior-front-end-engineer-967b5e,83333,166666,TWD,"TypeScript, blockchain, ethereum, defi, JavaScript, React.js, "
è³‡æ·±å‰ç«¯å·¥ç¨‹å¸«Senior Front End Engineer(ç­–ç•¥èˆ‡æ–°å‰µäº‹æ¥­éƒ¨/æ•¸ä½é–‹ç™¼ä¸­å¿ƒ),TVBSè¯åˆ©åª’é«”è‚¡ä»½æœ‰é™å…¬å¸,https://www.cakeresume.com/companies/tvbs/jobs/87f6dd,55000,100000,TWD,"HTML 5, CSS 3, RWD, JavaScript, APIä¸²æ¥, ReactJS, TypeScript, Flow, "
ç¶²é å‰ç«¯å·¥ç¨‹å¸« ,æ¶µæ¾¤æœ‰é™å…¬å¸,https://www.cakeresume.com/companies/hanze/jobs/front-end-engineer-4f3df8,60000,90000,TWD,
ç¶²é éŠæˆ²å‰ç«¯å·¥ç¨‹å¸«/Web Game Frontend Engineer,è·‘è·‘è…¿ PAOPAOTUI,https://www.cakeresume.com/companies/paopaotui/jobs/web-game-frontend-engineer,45000,55000,TWD,
Web Frontend developer,HYENA å‡±ç´è‚¡ä»½æœ‰é™å…¬å¸,https://www.cakeresume.com/companies/hyenatek/jobs/software-engineer-a3fdcc,45000,60000,TWD,"JavaScript, Vue, "
å‰ç«¯å·¥ç¨‹å¸«,è«¾äºå…‹ç§‘æŠ€è‚¡ä»½æœ‰é™å…¬å¸,https://www.cakeresume.com/companies/u-ark/jobs/front-end-engineer-7f8549,40000,50000,TWD,
Front-end Developer,è±ˆæ­¢æ•¸ä½è¨­è¨ˆæœ‰é™å…¬å¸,https://www.cakeresume.com/companies/kiitzu/jobs/front-end-developer-28ca42,40000,50000,TWD,"JavaScript, Vue.js, React.js, Git, Frontend developer, Figma, Zeplin, Sass, CSS, "
Senior Front-End Developer è³‡æ·±å‰ç«¯å·¥ç¨‹å¸« (å°ä¸­),å¾®ç¢§æ„›æ™®ç§‘æŠ€,https://www.cakeresume.com/companies/weiby/jobs/front-end-developer-b9f53e,50000,60000,TWD,"JavaScript, HTML/CSS, Java, jQuery, CSS, Node.js, React.js, AngularJS, Vue.js, Git, Webpack, Brunch, Gulp, native JavaScript, "
è³‡æ·±å‰ç«¯å·¥ç¨‹å¸«(Senior F2E) RWD Vue.js,å“²ç…œç§‘æŠ€è‚¡ä»½æœ‰é™å…¬å¸,https://www.cakeresume.com/companies/twjoin-ecbc3d/jobs/front-end-engineer-f2e-rwd-vue-js,50000,100000,TWD,"vue.js, Vuex, CSS3, HTML5, Sass, SCSS, Bootstrap, RestFul API, "
Flutter å‰ç«¯å·¥ç¨‹å¸«,æ™®é­¯å£«åœ‹éš›æœ‰é™å…¬å¸,https://www.cakeresume.com/companies/playplus/jobs/flutter-front-end-engineer,40000,60000,TWD,"Flutter, å‰ç«¯å·¥ç¨‹å¸«, "
[å°åŒ—]Frontend Engineer,TECHDesign,https://www.cakeresume.com/companies/techdesign/jobs/taipei-frontend-engineer,0,0,TWD,"HTML, JavaScript, CSS, Node.js, "
Sr. Front-end Developer è³‡æ·±å‰ç«¯å·¥ç¨‹å¸«,ViewSonic International Corporation,https://www.cakeresume.com/companies/viewsonic-international-corporation/jobs/sr-front-end-developer-b0e44c,70000,100000,TWD,"JavaScript, Angular, React.js, Front-end, javascript, AngularJS, "
"Front-end Engineer (Angular, Mid-level)",CryptoBLK é…·åœ–åšæœ‰é™å…¬å¸,https://www.cakeresume.com/companies/cryptoblk/jobs/front-end-mid-level,900000,1200000,TWD,"TypeScript, React.js, Angular, Blockchain, "
å‰ç«¯å·¥ç¨‹å¸«,è»’æ˜‚æœ‰é™å…¬å¸ XUENN Pte Ltd.,https://www.cakeresume.com/companies/xuenn-pte-ltd/jobs/front-end-engineer-897425,50000,100000,TWD,"JavaScript, JQuery, React, "
Angularå‰ç«¯é–‹ç™¼å·¥ç¨‹å¸«,æ˜“å‹è³‡è¨Šè‚¡ä»½æœ‰é™å…¬å¸,https://www.cakeresume.com/companies/essences/jobs/angular-front-end-development-engineer,40000,65000,TWD,"Angular, javascript, SQL, "
React Frontend Engineer å‰ç«¯å·¥ç¨‹å¸«,Gogoro ,https://www.cakeresume.com/companies/gogoro/jobs/frontend-engineer-front-end-engineer-14c247,1000000,1799999,TWD,"javascript, +react. js., "
Frontend Engineer å‰ç«¯å·¥ç¨‹å¸«,Fugle å¯Œæœå¸³æˆ¶,https://www.cakeresume.com/companies/fugle-tw/jobs/front-end-engineer-b4321f,700000,1049999,TWD,"+javascript, +react.js, "
å‰ç«¯å·¥ç¨‹å¸« Junior Front-End Developer ,ç‰ˆå¡Šè¨­è¨ˆ Block Studio,https://www.cakeresume.com/companies/block-studio/jobs/junior-front-end-developer-428933,560000,715000,TWD,"javascript, Vue, Front-end, å‰ç«¯, ç¶²ç«™, ç¶²é , php, wordpress, "
å‰ç«¯å·¥ç¨‹å¸«,æ›œç›ˆç§‘æŠ€æœ‰é™å…¬å¸,https://www.cakeresume.com/companies/yaoi/jobs/front-end-engineer-630ea0,60000,75000,TWD,
Senior Frontend Engineer,Cooby é…·æ¯”æ•¸ä½ç§‘æŠ€è‚¡ä»½æœ‰é™å…¬å¸,https://www.cakeresume.com/companies/cooby/jobs/senior-frontend-engineer-899939,1299999,1500000,TWD,"React, React.js, "
"Frontend Engineer (Angular, Vue.JS, Typescript) | Senior+",Morpheus One Inc.,https://www.cakeresume.com/companies/morpheus-one-inc/jobs/ea5455,1000000,1600000,TWD,"frontend, angular, vue.js, TypeScript, HTML/CSS, JavaScript, engineer, startup, software, "
è³‡æ·±å‰ç«¯å·¥ç¨‹å¸«,åŠå¹´è¨­è¨ˆæ•´åˆæœ‰é™å…¬å¸,https://www.cakeresume.com/companies/instagram-scott_tsai-hl-zh-tw/jobs/senior-front-end-engineer-5e91fa,50000,60000,TWD,"HTML5, CSS, JavaScript, JQuery, React.js, Vue.js, "
å‰ç«¯è»Ÿé«”ä¸»ä»»ï¼ˆFront-end Team Leaderï¼‰,å°ç£é›²æµ·ç§‘æŠ€æœ‰é™å…¬å¸,https://www.cakeresume.com/companies/104-company-1a2x6bl8ib/jobs/front-end-team-leader,60000,90000,TWD,"vue.js, jQuery, Git, AJAX, "
Machine Learning ,å…¨çƒè¯äººè‚¡ä»½æœ‰é™å…¬å¸,https://www.cakeresume.com/companies/1111-13sp-summary-index-asp/jobs/machine-learning-engineer-feccc8,54166,83333,TWD,
ç¶²é è¨­è¨ˆå¸«,ç­‘ä»Šè¨­è¨ˆæœ‰é™å…¬å¸,https://www.cakeresume.com/companies/creer-design/jobs/web-designer-164cb7,36000,50000,TWD,
å‰ç«¯å·¥ç¨‹å¸«,å˜‰å¯¦è³‡è¨Šè‚¡ä»½æœ‰é™å…¬å¸,https://www.cakeresume.com/companies/sysjust-a51700/jobs/front-end-engineer-07d9f8,45000,0,TWD,"C#, JavaScript, jQuery, HTML5, "
Frontend engineer,ç·¯å‰µè³‡é€šè‚¡ä»½æœ‰é™å…¬å¸,https://www.cakeresume.com/companies/wistron/jobs/frontend-engineer-53be06,50000,75000,TWD,"JavaScript, JQuerry, ReactJs, "
è³‡æ·±å‰ç«¯å·¥ç¨‹å¸« (3Däº’å‹•/VRæ²‰æµ¸ç¶²é ) Senior Frontend developer,ç‹ä¸€äº’å‹•ç§‘æŠ€æœ‰é™å…¬å¸,https://www.cakeresume.com/companies/kingone-design/jobs/562e5c,60000,100000,TWD,"+Git, +HTML, +JavaScript, +jQuery, +css, +react.js, +vue.js, "
Vue.jså‰ç«¯å·¥ç¨‹å¸«,å·¨å…†æ•¸ä½æœ‰é™å…¬å¸,https://www.cakeresume.com/companies/fc9c73/jobs/vue-js-front-end-engineer-69f612,35000,60000,TWD,"vue.js, SASS, HTML5, CSS3, SVG, RxJS, AJAX, Web, GSuite, API, RESTfulAPI, "
Frontend Web Engineer å‰ç«¯ç¶²é å·¥ç¨‹å¸«,è˜‡åº¦ç§‘æŠ€æœ‰é™å…¬å¸,https://www.cakeresume.com/companies/tech-sudoresearch/jobs/frontend-web-engineer,1250000,2299999,TWD,"Web Development, JavaScript, HTML/CSS, Networking, UI/UXDesign, Git, "
Frontend Developer,imBee Limited,https://www.cakeresume.com/companies/imbee-limited/jobs/frontend-developer-taiwan,850000,1299999,TWD,"TypeScript, React.js, JavaScript, "
å‰ç«¯å·¥ç¨‹å¸« React ğŸ’» Front-end Developer,å¹£è­·è‚¡ä»½æœ‰é™å…¬å¸,https://www.cakeresume.com/companies/aegiscustody/jobs/front-end-developer-front-end-developer-b973ae,75000,91666,TWD,"HTML/CSS, JavaScript, TypeScript, React.js, Redux, Git Flow, ES6, Webpack, "
Sr. Front-end Developer,Rytass,https://www.cakeresume.com/companies/rytass/jobs/sr-front-end-developer,87499,126666,TWD,"front-end, JavaScript, React, Angular, Webpack, E2Etest, "
Frontend Developer (React),Ubiquiti Inc. ,https://www.cakeresume.com/companies/ubiquiti-inc/jobs/frontend-developer-react,1000000,0,TWD,
Front End Engineer ç¶²é å‰ç«¯å·¥ç¨‹å¸«,å°ç£è³‡ä¿¡è‚¡ä»½æœ‰é™å…¬å¸,https://www.cakeresume.com/companies/m800-db84ec/jobs/web-frontend-client-developer-web-programmer,50000,100000,TWD,"HTML, JavaScript, CSS, ReactJS, vue.js, AngularJS, Git, "
React å‰ç«¯å·¥ç¨‹å¸«,äºå¤ªæ»¿è­½ç§‘æŠ€æœ‰é™å…¬å¸,https://www.cakeresume.com/companies/exampl/jobs/react-front-end-engineer-16c373,40000,90000,TWD,
ç¶²é å‰ç«¯å·¥ç¨‹å¸«,æ€ªé»å­æœ‰é™å…¬å¸,https://www.cakeresume.com/companies/bilab-asia/jobs/web-front-end-engineer-05e66c,35000,50000,TWD,"+vue.js, +javascript, "
Webå‰ç«¯å·¥ç¨‹å¸«,è¨Šé€£ç§‘æŠ€è‚¡ä»½æœ‰é™å…¬å¸,https://www.cakeresume.com/companies/cyberlink/jobs/web-front-end-engineer-8d90d2,900000,950000,TWD,"JavaScript, Front-end, React.js, HTML5, CSS3, Node.JS, PWA, "
Frontend Engineer å‰ç«¯å·¥ç¨‹å¸«,è‡ªåŠ›è€•ç”Ÿè‚¡ä»½æœ‰é™å…¬å¸,https://www.cakeresume.com/companies/dogcatstar/jobs/frontend-engineer-c745f4,600000,900000,TWD,"å‰ç«¯å·¥ç¨‹å¸«, "
Senior Frontend Engineer è³‡æ·±å‰ç«¯å·¥ç¨‹å¸«,MoBagel è¡Œå‹•è²æœæœ‰é™å…¬å¸,https://www.cakeresume.com/companies/mobagel/jobs/senior-frontend-engineer-d6d195,80000,130000,TWD,"frontend engineer, Front-end, React.js, CSS3, SASS, Redux, HTML5, JavaScript, golang, Python, "
Front-end engineer ,"é›²è±¡ç§‘æŠ€è‚¡ä»½æœ‰é™å…¬å¸ aetherAI Co., Ltd",https://www.cakeresume.com/companies/aetherai/jobs/front-end-engineer-932228,65000,85000,TWD,
ç¶²ç«™ç¨‹å¼è¨­è¨ˆäººå“¡,æµ·ç´å·æ•¸ä½ç§‘æŠ€æœ‰é™å…¬å¸,https://www.cakeresume.com/companies/24hosting/jobs/website-programmer,40000,500000,TWD,
Full Stack Developer,Eunodata,https://www.cakeresume.com/companies/eunodata/jobs/full-stack-developer-b80c6a,40000,80000,TWD,
å‰ç«¯å·¥ç¨‹å¸«,FUNDAYæ™ºæ“æ•¸ä½ç§‘æŠ€è‚¡ä»½æœ‰é™å…¬å¸,https://www.cakeresume.com/companies/funday/jobs/front-end-engineer-dbe710,45000,55000,TWD,"è»Ÿé«”ç¨‹å¼è¨­è¨ˆ, æµç¨‹åœ–è»Ÿé«”æ“ä½œ, ç°¡å ±è»Ÿé«”æ“ä½œ, "
è³‡æ·±å‰ç«¯å·¥ç¨‹å¸« (ç³»çµ±æ•´åˆéƒ¨),å¯Œé‚¦äººå£½ä¿éšªè‚¡ä»½æœ‰é™å…¬å¸,https://www.cakeresume.com/companies/fubon-life/jobs/888255,40000,60000,TWD,
Front-end Developer,å¥åº·ç›Šå‹è‚¡ä»½æœ‰é™å…¬å¸,https://www.cakeresume.com/companies/eucare-co-ltd/jobs/front-end-developer-96151a,40000,90000,TWD,"React.js, ReactNative, React Native, JavaScript, CSS, React Hooks, Redux, Agile, Git, "
å‰ç«¯é–‹ç™¼å·¥ç¨‹å¸«,eFOOOD,https://www.cakeresume.com/companies/efoood/jobs/fed,40000,55000,TWD,
Unity + Lua å‰ç«¯å·¥ç¨‹å¸«,é‘«äº¨æœ‰é™å…¬å¸,https://www.cakeresume.com/companies/twincn-item-aspx-no-83484620/jobs/unity-lua-front-end-engineer,60000,70000,TWD,
H5å‰ç«¯å·¥ç¨‹å¸«,è© çµ¢ç®¡ç†é¡§å•æœ‰é™å…¬å¸ Empower Management Consulting,https://www.cakeresume.com/companies/empower-giver/jobs/h5-front-end-engineer-3b6a30,40000,85000,TWD,
å½±éŸ³å¹³å°Internetç¨‹å¼è¨­è¨ˆå¸«,CMoneyå…¨æ›œè²¡ç¶“è³‡è¨Šè‚¡ä»½æœ‰é™å…¬å¸,https://www.cakeresume.com/companies/cmoney/jobs/internet-programmer-of-audio-visual-platform,40000,60000,TWD,
Front-end engineerå‰ç«¯å·¥ç¨‹å¸«_0114,æœæ ¸æ•¸ä½,https://www.cakeresume.com/companies/digicentre/jobs/front-end-engineer_0114,550000,800000,TWD,"HTML, JavaScript, CSS, ReactJS, Vue.js, Swift, Flutter, "
å‰ç«¯è»Ÿé«”å·¥ç¨‹å¸«,å¯Œå¥‡è³´æœ‰é™å…¬å¸,https://www.cakeresume.com/companies/futurelab-1bd402/jobs/front-end-software-engineer-9d4c82,40000,55000,TWD,
Sr. Frontend Engineer,"BlueX Trade Co., Ltd.",https://www.cakeresume.com/companies/bluex-trade-co-ltd/jobs/sr-frontend-engineer-bb0fc8,80000,150000,TWD,"front-end, Vue.js, JavaScript, TypeScript, "
è³‡æ·±è»Ÿé«”é–‹ç™¼å·¥ç¨‹å¸« Senior Software Development Engineer (Front-end),ä¼Šæ–¯é…·è»Ÿé«”ç§‘æŠ€è‚¡ä»½æœ‰é™å…¬å¸,https://www.cakeresume.com/companies/iscoollab/jobs/software-development-engineer-front-end-93d218,1000000,0,TWD,
å‰ç«¯å·¥ç¨‹å¸« Front-End Engineer (React / React Native),Looplus_è·¯åŠ æœå‹™ç§‘æŠ€è‚¡ä»½æœ‰é™å…¬å¸,https://www.cakeresume.com/companies/looplus/jobs/front-end-engineer-949d1b,600000,900000,TWD,"å‰ç«¯, Front-end, React, React Native, "
Senior Frontend Developer,1TM Taiwan,https://www.cakeresume.com/companies/1tm/jobs/sr-fe-dev,50000,70000,TWD,"Front-end, React.js, "
å‰ç«¯ç¨‹å¼å·¥ç¨‹å¸« FrontEnd Engineer,å¥½å¥½è­‰åˆ¸è‚¡ä»½æœ‰é™å…¬å¸,https://www.cakeresume.com/companies/fundswap/jobs/frontend-engineer-9483f4,700000,1000000,TWD,"HTML5, CSS3, JavaScript, Framework, Angular, React, RESTfulAPI, WebSocket, UX, UI/UX Designer, vue.js, "
å‰ç«¯å·¥ç¨‹å¸«,æ™Ÿæ‚…ç§‘æŠ€æœ‰é™å…¬å¸,https://www.cakeresume.com/companies/aptan/jobs/front-end-engineer-34ece1,40000,60000,TWD,"javascript, vue, react, html, css, js, "
è³‡æ·±å‰ç«¯å·¥ç¨‹å¸« Senior Frontend Developer (Data & Martech Product),91APP,https://www.cakeresume.com/companies/91app/jobs/senior-frontend-developer-data-amp-martech-product,1000000,1299999,TWD,
ã€5Gã€‘å‰ç«¯è»Ÿé«”å·¥ç¨‹å¸«,ä¸­è¯ç³»çµ±æ•´åˆ,https://www.cakeresume.com/companies/ch-si/jobs/5g-front-end-software-engineer,500000,1000000,TWD,
HTML ç¶²é å‰ç«¯æ‡‰ç”¨è¨­è¨ˆå¸«ï¼ˆç†ŸJavaScripä½³ï¼‰,ç„ç±³è¨­è¨ˆè‚¡ä»½æœ‰é™å…¬å¸,https://www.cakeresume.com/companies/sharmedesign/jobs/ui-ux-designer-761d73,35000,50000,TWD,
Front-end å‰ç«¯å·¥ç¨‹å¸« ,AuthenTrend Inc.,https://www.cakeresume.com/companies/authentrend/jobs/front-end-front-end-engineer-42211c,50000,80000,TWD,"FIDO, Vue.js, Python, JavaScript, "
" Front-end Developer å‰ç«¯å·¥ç¨‹å¸«",é‹‡çˆ¾ç§‘æŠ€è‚¡ä»½æœ‰é™å…¬å¸,https://www.cakeresume.com/companies/partner-howsoul/jobs/web-front-end-engineer-185007,35000,50000,TWD,
ç¶²ç«™å‰ç«¯å·¥ç¨‹å¸« (Frontend Developer),æ²™æ‹‰äº’å‹•æœ‰é™å…¬å¸ DigiSalad Limited,https://www.cakeresume.com/companies/digisalad-limited/jobs/frontend-developer-5bb317,38000,100000,TWD,"PHP, HTML5, CSS, JavaScript, AJAX, JQuery, ReactNative, React.js, CMS, MySQL, Vue.js, Nuxt.js, "
Front-End Engineer ç¶²é å‰ç«¯å·¥ç¨‹å¸«,é¨°é£›è³‡è¨Šæœ‰é™å…¬å¸,https://www.cakeresume.com/companies/ct88/jobs/vue-web-front-end-engineer,800000,1399999,TWD,"Vue.js, html, JavaScript, CSS, "
Web Frontend Engineer ç¶²é å‰ç«¯å·¥ç¨‹å¸«,CloudMile è¬é‡Œé›²äº’è¯ç§‘æŠ€,https://www.cakeresume.com/companies/mile.cloud/jobs/web-frontend-engineer-5697c5,50000,80000,TWD,"React, Redux, Frontend Engineer, "
Reactå‰ç«¯å·¥ç¨‹å¸« Frontend Developer,Real Engine çœŸå¯¦å¼•æ“,https://www.cakeresume.com/companies/realengine/jobs/frontend-developer-7acb73,600000,950000,TWD,"React, HTML/CSS, Front-End, Gatsby, "
Front end Developer,å‡±å¾—å¨æœ‰é™å…¬å¸,https://www.cakeresume.com/companies/kedway/jobs/front-end-developer-fadaea,60000,100000,TWD,"vue.js, JavaScript, React, "
å‰ç«¯å·¥ç¨‹å¸«,é¦¬ç´¹çˆ¾ç¾¤å³¶å•†å½©è™¹ç§‘æŠ€è‚¡ä»½æœ‰é™å…¬å¸å°ç£åˆ†å…¬å¸ Rainbow Tech Limited,https://www.cakeresume.com/companies/rainbow-tech-limited/jobs/front-end-engineer-7e5e3a,40000,80000,TWD,"Webpack, HTML5, JavaScript, Vue, "
Frontend Engineer,AlleyPin ç¿”è©•äº’å‹•,https://www.cakeresume.com/companies/alleypin/jobs/frontend-engineer-80d75f,800000,1200000,TWD,"JavaScript, React.js, HTML/CSS, "
å‰ç«¯å·¥ç¨‹å¸«,å¥‡é‚‘ç§‘æŠ€è‚¡ä»½æœ‰é™å…¬å¸,https://www.cakeresume.com/companies/kiwi-tec/jobs/front-end-engineer-64a423,50000,80000,TWD,
ã€Sr. Frontend Engineerã€‘è³‡æ·±å‰ç«¯å·¥ç¨‹å¸« (Vue),é…·å ¤åº·ç§‘æŠ€è‚¡ä»½æœ‰é™å…¬å¸,https://www.cakeresume.com/companies/indochat-id-a24c49/jobs/sr-frontend-engineer-senior-frontend-engineer-vue,65000,80000,TWD,
ç¶²é å‰ç«¯å·¥ç¨‹å¸«,å¯’æ­¦ç§‘æŠ€æœ‰é™å…¬å¸,https://www.cakeresume.com/companies/shopinn/jobs/web-front-end-engineer-9239c7,40000,60000,TWD,"vue, html, css, webpack, js, "
æ—¥å•† è³‡æ·±å‰ç«¯è»Ÿé«”é–‹ç™¼å·¥ç¨‹å¸«(4å¹´ä»¥ä¸Šç¶“é©—) Senior React FE Developer(4 Years +),ACCESS Taiwan Lab,https://www.cakeresume.com/companies/access-taiwan-lab/jobs/e32f4a,40000,70000,TWD,"React, TypeScript, Redux, rxjs, material UI, SCSS, SASS, JSON, AJAX, HTML, MySQL, MongoDB, "
(Sr.) Front-end Developer (SafeCircle),è¶¨å‹¢ç§‘æŠ€ TrendMicro,https://www.cakeresume.com/companies/trendmicro/jobs/sr-front-end-developer-732535,800000,1500000,TWD,"frontend, HTML, JavaScript, React.js, "
å‰ç«¯å·¥ç¨‹å¸«(é ç«¯å·¥ä½œ),æ–°åšè»Ÿé«”é–‹ç™¼è‚¡ä»½æœ‰é™å…¬å¸,https://www.cakeresume.com/companies/simbo/jobs/front-end-engineer-of-game-system-including-devops,35000,48500,TWD,"APIä¸²æ¥, JavaScript, CSS, Node.JS, WebPack, JEST, "
å‰ç«¯å·¥ç¨‹å¸«,"æ—­å®¸è³‡ç§‘è‚¡ä»½æœ‰é™å…¬å¸ RISMIT Information Technology Co.,Ltd.",https://www.cakeresume.com/companies/rismit/jobs/front-end-engineer-ebe320,40000,50000,TWD,
Frontend Developer ,"å‰µé¡˜é›²ç«¯æœ‰é™å…¬å¸ VisualNext Co,. Ltd.",https://www.cakeresume.com/companies/visualnext-co-ltd/jobs/frontend-developer-58c867,40000,60000,TWD,"react, javascript, TypeScript, "
Front-end Engineer,ç¶ºè»’é›»å­è³‡è¨Šæœ‰é™å…¬å¸,https://www.cakeresume.com/companies/colorful/jobs/frond-end-engineet,0,0,TWD,"vue.js, CSS, JavaScript, JQuery, HTML, "
æ‰‹æ©ŸéŠæˆ²å·¥ç¨‹å¸«,æ…§é‚¦ç§‘æŠ€è‚¡ä»½æœ‰é™å…¬å¸,https://www.cakeresume.com/companies/gamesofa/jobs/cocos2d-x-front-end-game-engineer,40000,60000,TWD,"Android, IOS, C++, JavaScript, "
Frontend å‰ç«¯å·¥ç¨‹å¸«,ç°¡çµç§‘æŠ€è‚¡ä»½æœ‰é™å…¬å¸,https://www.cakeresume.com/companies/simpos/jobs/senior-frontend-engineer-73e4fa,600000,1000000,TWD,"React, JavaScript, "
(Jr./Sr.)å‰ç«¯å·¥ç¨‹å¸«,é ˜æŠ•è‚¯ç§‘æŠ€è‚¡ä»½æœ‰é™å…¬å¸,https://www.cakeresume.com/companies/leadbest/jobs/front-end-engineer-5aa810,40000,80000,TWD,"å‰ç«¯å·¥ç¨‹å¸«, "
Junior / Senior å‰ç«¯å·¥ç¨‹å¸«,æ–°é¨è³‡è¨Šæœ‰é™å…¬å¸,https://www.cakeresume.com/companies/104-company-1a2x6bl6we/jobs/junior-senior-front-end-engineer,40000,100000,TWD,"JavaScript, HTML, CSS, AngularJS, Vue, Git, ASP.NET, C#, "
å‰ç«¯å·¥ç¨‹å¸« Front-end Engineer,æ½®ç¶²ç§‘æŠ€è‚¡ä»½æœ‰é™å…¬å¸,https://www.cakeresume.com/companies/wavenet/jobs/frontendengineer,40000,80000,TWD,"JavaScript, Node.js, React.js, vue.js, "
Software Engineer - Front End,TouShih Tech é€è­˜ç§‘æŠ€,https://www.cakeresume.com/companies/toushihtech/jobs/software-engineer-frontend-ce9f72,45000,65000,TWD,"Front-end, ReactNative, JavaScript, "
Front-End Web Developer,A10 Networks ç¿ç§‘ç¶²è·¯ç§‘æŠ€æœ‰é™å…¬å¸,https://www.cakeresume.com/companies/a10-networks/jobs/front-end-web-developer-63402c,75000,100000,TWD,"ReactJS, Front-end Developer, JavaScript, CSS3, HTML5, Webpack, "
å‰ç«¯å·¥ç¨‹å¸« Front-end Developer,iCard.AI ,https://www.cakeresume.com/companies/icard-ai/jobs/front-end-developer-8aa7ac,700000,1299999,TWD,"React, html, CSS, javascript, Node.js, "
(Senior) App Frontend Engineer App è³‡æ·±å‰ç«¯å·¥ç¨‹å¸«,å°ç£å¨œå…‹é˜œè‚¡ä»½æœ‰é™å…¬å¸,https://www.cakeresume.com/companies/instagram-explore-tags-knckff-hl-zh-tw/jobs/app-frontend-developer-app-frontend-engineer,70000,85000,TWD,"React, React.js, Frontend, GraphQL, "
å‰ç«¯è»Ÿé«”å·¥ç¨‹å¸«,ç‘æ¯”æ™ºæ…§ç§‘æŠ€è‚¡ä»½æœ‰é™å…¬å¸,https://www.cakeresume.com/companies/codingbar-ai-about-index-html/jobs/front-end-software-engineer-b28656,45000,80000,TWD,"JavaScript, HTML/CSS, React, RWD, Webpack, Redux, Node.js, "
PHPç³»çµ±å·¥ç¨‹å¸«,å¤§æ¨¹é€£é–è—¥å±€,https://www.cakeresume.com/companies/greattree/jobs/php-system-engineer,40000,50000,TWD,"PHP, CSS, laravel, API, MySQL, MSSQL, "
Web Frontend Engineer (ç¶²é å‰ç«¯å·¥ç¨‹å¸«),å¥§ç‰¹æŠ€è¡“æœ‰é™å…¬å¸,https://www.cakeresume.com/companies/uttech/jobs/web-frontend-engineer-e62bd7,60000,120000,TWD,"HTML5, HTML, HTML/CSS, JavaScript, Vue, Webpack, Node.js, Git, Git Flow, RESTful API, "
angular front end å‰ç«¯,growthbotics,https://www.cakeresume.com/companies/growthbotics/jobs/angular-front-end,790000,0,TWD,
C++è»Ÿé«”å·¥ç¨‹å¸« ,ä¸€é€šæ•¸ä½æœ‰é™å…¬å¸ OTP Tech Limited,https://www.cakeresume.com/companies/otp-tech-limited/jobs/c-software-engineer-c551f7,1000000,1299999,TWD,
é›»å•†ç¶²ç«™å‰ç«¯å·¥ç¨‹å¸« Front-End Engineer,å”¯é«˜ç››å…¨çƒé›»å­å•†å‹™,https://www.cakeresume.com/companies/buyippee/jobs/front-end-engineer-of-e-commerce-website,55000,70000,TWD,
å‰ç«¯å·¥ç¨‹å¸« Junior Frontend Developer,CAPSULE TAIWAN_æ—¥å•†é»å­è† å›Š,https://www.cakeresume.com/companies/capsuleinc/jobs/full-stack-software-engineer-2d4762,40000,70000,TWD,"AJAX, HTML, JavaScript, jQuery, CSS, Vue.js, "
Front-End Software Engineer / å‰ç«¯è»Ÿé«”å·¥ç¨‹å¸«,å ¯æ™‰ç§‘æŠ€æœ‰é™å…¬å¸,https://www.cakeresume.com/companies/yjtech/jobs/front-end-software-engineer-b08cd7,50000,100000,TWD,"JavaScript, React, ReactNative, DevOps, "
å‰ç«¯å·¥ç¨‹å¸«,Miduo Tech Ltd.,https://www.cakeresume.com/companies/miduo-tech-ltd/jobs/front-end-engineer-9db879,50000,100000,TWD,"+CSS3, +HTML5, +JavaScript, "
å‰ç«¯é–‹ç™¼å·¥ç¨‹å¸«,æ™ºç©æ™ºèƒ½è‚¡ä»½æœ‰é™å…¬å¸,https://www.cakeresume.com/companies/moldintel/jobs/back-end-development-engineer-2dde9c,35000,40000,TWD,"JavaScript, Node.js, Vue.js, HTML5, RESTful APIs, google drive, powerpoint, Keynote, word, excel, "
ã€è¶£é–‹èª²-ç·šä¸Šèª²ç¨‹æ•™è‚²é ˜åŸŸã€‘Senior front-end,çŸ¥è­˜ç™¼å±•è‚¡ä»½æœ‰é™å…¬å¸,https://www.cakeresume.com/companies/teaches-cc/jobs/296415,70000,150000,TWD,"React.js, "
Senior Front-end Engineer è³‡æ·±å‰ç«¯å·¥ç¨‹å¸«,Aurora Technology Inc. è³½å¸­çˆ¾å•†æ¥µå…‰ç§‘æŠ€æœ‰é™å…¬å¸ ,https://www.cakeresume.com/companies/auroratech57014709/jobs/senior-web-frontend-engineer-1692f2,60000,85000,TWD,"Front-end, React, React.js, ReactNative, Senior, "
å•†å‹™ç¤¾ç¾¤å¹³å° - å‰ç«¯ç¨‹å¼è¨­è¨ˆå¸«,CiRCLELiNKS,https://www.cakeresume.com/companies/circlelinks/jobs/business-community-platform-front-end-programmer,32000,52000,TWD,"vue, php, javascript, jquery, html5, reactjs, "
Frontend Engineer,é–‹æºæ™ºé€ è‚¡ä»½æœ‰é™å…¬å¸,https://www.cakeresume.com/companies/openaifab/jobs/frontend-engineer-3c0e72,35000,50000,TWD,"JavaScript, HTML/CSS, RESTful API, Database, Docker container, Linux, "
å‰ç«¯å·¥ç¨‹å¸«(Vue.js),ç¿å¯¦ç§‘æŠ€è‚¡ä»½æœ‰é™å…¬å¸,https://www.cakeresume.com/companies/3i-life/jobs/front-end-engineer-faafb5,40000,65000,TWD,"vue.js, Vuex, axios, RWD, "
å‰ç«¯å·¥ç¨‹å¸«,è–å‹ç§‘æŠ€æœ‰é™å…¬å¸,https://www.cakeresume.com/companies/st-win/jobs/front-end-engineer-4179bb,43333,108333,TWD,"JavaScript, ES6, CSS3, HTML5, Git, React.js, vue.js, "
"ã€é ç«¯å·¥ä½œã€‘ Vue å‰ç«¯å·¥ç¨‹å¸« å¹´è–ª 700K ~ 1,200K",HiSKIO ,https://www.cakeresume.com/companies/hiskio/jobs/front-end-engineer-1027b0,700000,1200000,TWD,"Vue, HTML/CSS, APIä¸²æ¥, JavaScript, Nuxt.js, "
ç¶²ç«™å‰ç«¯å·¥ç¨‹å¸«,ç»æ–°è³‡è¨Šæœ‰é™å…¬å¸,https://www.cakeresume.com/companies/aw/jobs/website-front-end-assistant-engineer,30000,45000,TWD,"HTML5, CSS3, jQuery, wordpress, JavaScript, "
GUI developer,Zealogics IT Solutions,https://www.cakeresume.com/companies/zealogics-it-solutions/jobs/gui-developer,0,0,TWD,"C, C#, .net, C++, WPFé–‹ç™¼, "
å‰ç«¯å·¥ç¨‹å¸« Front-End Engineer,ç«‹äº¨ç¶²çµ¡æœå‹™æœ‰é™å…¬å¸,https://www.cakeresume.com/companies/lhwlfw/jobs/front-end-engineer-245b30,65000,85000,TWD,"Front-end, "
å‰ç«¯å·¥ç¨‹å¸«,æ¯…è²ç§‘æŠ€æœ‰é™å…¬å¸,https://www.cakeresume.com/companies/easontech/jobs/front-end-engineer-a84383,30000,50000,TWD,"HTML, SCSS, TypeScript, Git, Angular, "
ç¶²ç«™å‰ç«¯å·¥ç¨‹å¸«,æ±å—æ—…è¡Œç¤¾è‚¡ä»½æœ‰é™å…¬å¸,https://www.cakeresume.com/companies/settour/jobs/senior-website-front-end-engineer,50000,80000,TWD,"JavaScript, ES6, React, React.js, Node.js, GraphQL, "
é å‚³friDayè³¼ç‰© - è³‡æ·±å‰ç«¯å·¥ç¨‹å¸«,é å‚³friDayè³¼ç‰©_é æ™‚æ•¸ä½ç§‘æŠ€è‚¡ä»½æœ‰é™å…¬å¸,https://www.cakeresume.com/companies/friday-_-421a35/jobs/friday-shopping-front-end-web-designer,45000,70000,TWD,"HTML/CSS, jquery, HTML, CSS, React.js, vue.js, Node.js, gulp, Webpack, shellscript, SEO, GoogleAnalytics, Front-end, "
è³‡æ·±å‰ç«¯å·¥ç¨‹å¸«,å“å®œè³‡è¨Šç§‘æŠ€æœ‰é™å…¬å¸,https://www.cakeresume.com/companies/pro-104-vip-cust-master-16b538/jobs/senior-front-end-engineer-5d7ee9,80000,120000,TWD,"PHP, jQuery, JavaScript, HTML, React, Vue, "
ç¶²ç«™è¨­è¨ˆå¸«(æ‡‚å‰ç«¯ä½³),éš¼æ€ç§‘æŠ€æœ‰é™å…¬å¸,https://www.cakeresume.com/companies/dymain/jobs/website-designer-understand-good-front,35000,45000,TWD,"Illustrator, Photoshop, å‰ç«¯é–‹ç™¼, "
WEBå‰ç«¯å·¥ç¨‹å¸«,æ·è¯ç§‘æŠ€æœ‰é™å…¬å¸,https://www.cakeresume.com/companies/opengovtw-ban-82872783/jobs/web-front-end-engineer-f2343b,50000,60000,TWD,"AJAX, HTML, JavaScript, JQuery, CSS, Sass, vue.js, "
å‰ç«¯è³‡æ·±å·¥ç¨‹å¸«,ç‘æ°è³‡è¨Šæœ‰é™å…¬å¸,https://www.cakeresume.com/companies/rj/jobs/senior-front-end-engineer-352078,60000,100000,TWD,"å‰ç«¯å·¥ç¨‹å¸«, "
Frontend ReactJS Developer,Weishi Solutions Limited Company,https://www.cakeresume.com/companies/weishi-solutions-limited-company/jobs/frontend-reactjs-developer,60000,85000,TWD,"Remote, React.js, Apollo, GraphQL, "
è³‡æ·±å‰ç«¯å·¥ç¨‹å¸« Sr. Front-end Developer,Lucid,https://www.cakeresume.com/companies/lucid/jobs/experienced-front-end-developer,700000,1500000,TWD,"React.js, VueJS, HTML/CSS, Mobile Web, Git, "
ã€ç¦åˆ©ä½³ã€‘å‰ç«¯å·¥ç¨‹å¸«,åšç™¼ç§‘æŠ€æœ‰é™å…¬å¸,https://www.cakeresume.com/companies/104-jobbank-custjob-index-php-r-cust-j-66424a733c3e466f383a426b40463e2193131312d4874647109j54-jobsource-jobsource-joblist_r_cust/jobs/e1149b,50000,80000,TWD,"Vue, "
" å‰ç«¯å·¥ç¨‹å¸« Frontend Engineer (Vue.js)",å°ç£è³‡æ–™ç§‘å­¸è‚¡ä»½æœ‰é™å…¬å¸,https://www.cakeresume.com/companies/tdsc/jobs/frontend-engineer-vue-js,36000,70000,TWD,"Vue.js, vue.js, Git, CSS, jQuery, JavaScript, AJAX, HTML5, RWD, RESTful API, "
æ•¸æ“šè¿½è¹¤å·¥ç¨‹å¸« Data Tracking Solution Engineer,å°ç£äº”ä»€äº”æ•¸æ“šä¿¡æ¯æŠ€è¡“æœ‰é™å…¬å¸,https://www.cakeresume.com/companies/fifty-five/jobs/data-tracking-solution-engineer,50000,120000,TWD,"JavaScript, Google Analytics, Google Tag Manager, Google tag Manager, google tag manager, gtm, Firebase, firebase, BigQuery, "
å‰ç«¯é–‹ç™¼å·¥ç¨‹å¸«(Front-End Developer),å’Œæ³°è¯ç¶²,https://www.cakeresume.com/companies/hotaiconnected/jobs/front-end-developer-50a801,45000,70000,TWD,
è³‡æ·±å‰ç«¯å·¥ç¨‹å¸« Senior Frntend Engineer ,å‰µæ–¹èˆŸå¯¦å¢ƒç§‘æŠ€è‚¡ä»½æœ‰é™å…¬å¸,https://www.cakeresume.com/companies/linkedin-company-68640284-admin/jobs/09687e,1000000,1299999,TWD,"HTML5, CSS3, vue2.js, React.js, MVVM, Git Flow, "
ç¶²é å‰ç«¯å·¥ç¨‹å¸«,å¨äºå‰µæ„è¨­è¨ˆæœ‰é™å…¬å¸,https://www.cakeresume.com/companies/weya/jobs/senior-web-designer-e2f31c,36000,50000,TWD,"å°ˆæ¡ˆç®¡ç†, google drive, Sass, VueJS, Node.js, ReactJS, "
å‰ç«¯å·¥ç¨‹å¸«(Front-end Developer),ä¸‰æ³°ç§‘æŠ€è‚¡ä»½æœ‰é™å…¬å¸,https://www.cakeresume.com/companies/sunix/jobs/front-end-developer-adc6ea,35000,60000,TWD,"JavaScript, å‰ç«¯, HTML, CSS, MySQL, MSSQL, "
ã€ç¸½å…¬å¸ã€‘Frontend Engineer è»Ÿé«”é–‹ç™¼å·¥ç¨‹å¸«,è»’é¥Œå»šåŠè‚¡ä»½æœ‰é™å…¬å¸,https://www.cakeresume.com/companies/justkitchen-co-ltd/jobs/0153c3,50000,100000,TWD,"PHP, CSS, SASS, "
react-å·¥ç¨‹å¸«,æ±ç¥åœ‹éš›,https://www.cakeresume.com/companies/vayne-8ca810/jobs/mis-engineer-0596d9,0,0,,
Web Developer ç¶²ç«™é–‹ç™¼äººå“¡,é›¨ç¹ç§‘æŠ€ä¼æ¥­ç¤¾,https://www.cakeresume.com/companies/rainingstring/jobs/web-developer-9aee26,42000,60000,TWD,
å‰ç«¯é–‹ç™¼å·¥ç¨‹å¸«,å±•æ°è³‡è¨Šæœ‰é™å…¬å¸,https://www.cakeresume.com/companies/104-company-1a2x6bl9rp/jobs/front-end-development-engineer-f6efd2,50000,100000,TWD,
Front-End Engineer,airConcur Inc.,https://www.cakeresume.com/companies/airconcur-inc/jobs/front-end-engineer-50d248,45000,60000,TWD,"Front-end, Vue.js, JavaScript, Node.js, Full-Stack, "
Sr. Frontend Developer | React è³‡æ·±å‰ç«¯å·¥ç¨‹å¸«,Nexio Technology Limited ç¿ä¸–è»Ÿé«”ç§‘æŠ€è‚¡ä»½æœ‰é™å…¬å¸,https://www.cakeresume.com/companies/nexio-technology-limited/jobs/2233cc,50000,90000,TWD,"React, React.JS, ES5, ES6, javascript, "
Web Front-end Engineer (ç¶²é å‰ç«¯å·¥ç¨‹å¸«-RD8),å±…æ˜“ç§‘æŠ€,https://www.cakeresume.com/companies/draytek/jobs/web-front-end-engineer-web-front-end-engineer-rd8,50000,60000,TWD,
è³‡æ·±/å‰ç«¯å·¥ç¨‹å¸« (React),æ ¼èŠé‰‘æ•¸ä½æœ‰é™å…¬å¸,https://www.cakeresume.com/companies/_glaibo/jobs/senior-front-end-engineer-150143,650000,1399999,TWD,"React, RWD, HTML5, CSS3, Git, Docker, "
Frontend Engineer å‰ç«¯å·¥ç¨‹å¸« (React.js),èŠ±è¦‹_é«˜ç«¯ç¤¾ç¾¤äº¤å‹-ä¾è³´å‚³åª’å¨›æ¨‚æœ‰é™å…¬å¸,https://www.cakeresume.com/companies/hanami-vip-tw/jobs/frontend-engineer-react-js,700000,1799999,TWD,
[Data Sci] Data Front-end Engineer,Vpon å¨æœ‹,https://www.cakeresume.com/companies/vpon/jobs/data-sci-data-front-end-engineer,58333,81666,TWD,
å‰ç«¯å·¥ç¨‹å¸«,è¿…å‡Œç§‘æŠ€è‚¡ä»½æœ‰é™å…¬å¸,https://www.cakeresume.com/companies/faswift-tech/jobs/front-end-engineer-6d85e5,40000,70000,TWD,"HTML/CSS, web3.js, ES6, Sass, SCSS, "
Web Application Developer,æ–°å ´æ™¯è‚¡ä»½æœ‰é™å…¬å¸,https://www.cakeresume.com/companies/products-wowfood-cc/jobs/web-application-developer,546000,585000,TWD,"Front-end, React, nextjs, html5, css3, es6, sass, scss, RESTfulAPI, "
Frontend Developer / å‰ç«¯è»Ÿé«”å·¥ç¨‹å¸«,Octopus Retail Management å±¹å‚²ç§‘æŠ€,https://www.cakeresume.com/companies/octopus-retail-management/jobs/frontend-developer-935f01,40000,60000,TWD,"javascript, MVC, AngularJS, Yii, Bootstrap, UX, CSS3, "
å‰ç«¯å·¥ç¨‹å¸« (Frontend Engineer),é‘«é¼é‘½ç§‘æŠ€æœ‰é™å…¬å¸,https://www.cakeresume.com/companies/104-company-1a2x6bjxnr-jobsource-2018indexpoc/jobs/frontend-engineer-aa2258,40000,80000,TWD,"javascript, HTM, CSS, "
ã€ç”¢å“ã€‘ç¶²é å‰ç«¯å·¥ç¨‹å¸«,äºè¿ªé›»å­è‚¡ä»½æœ‰é™å…¬å¸,https://www.cakeresume.com/companies/ade-20660f/jobs/product-web-front-end-engineer,30000,60000,TWD,
Frontend/Full Stack Engineer / å‰ç«¯/å…¨ç«¯å·¥ç¨‹å¸«," FreshQ Inc Taiwan",https://www.cakeresume.com/companies/freshq-inc-taiwan-f989f2/jobs/fd3bed,50000,150000,TWD,"javascript, AngularJS, UI/UXDesign, HTML, frontend engineer, "
UX/UI Designer,Wormhole Tech.,https://www.cakeresume.com/companies/wormhole-tech/jobs/ux-ui-designer,40000,60000,TWD,
Frontend Developer (Vue.js),Proto Research Inc,https://www.cakeresume.com/companies/proto-cx/jobs/fullstack-developer-taiwan,5000,8000,CAD,"Vue.js, JavaScript, "
å‰ç«¯å·¥ç¨‹å¸«(Vue),å½©ä¿¡è³‡è¨Šç§‘æŠ€æœ‰é™å…¬å¸,https://www.cakeresume.com/companies/pro-104-vip-cust-master-6dc4e9/jobs/frontend-engineer-vue-de2efb,30000,80000,TWD,"Vue, Vuex, JavaScript, HTML, CSS, Webpack, grunt, gulp, HTTP, REST API, "
Front-end Engineer (React) å‰ç«¯å·¥ç¨‹å¸«,Coinomo / Dapp Pocket,https://www.cakeresume.com/companies/dapp-pocket/jobs/full-stack-engineer-2d0346,75000,150000,TWD,"React, JavaScript, Blockchain, smart contracts, Solidity, "
Javaå·¥ç¨‹å¸«,æ ¼ç¿ç§‘æŠ€æœ‰é™å…¬å¸,https://www.cakeresume.com/companies/www.greartw.com/jobs/1674c9,30000,35000,CNY,"Spring MVC, Web Development, ORM, js, HTML 5, CSS, "
[å‰µæ–°ç ”ç™¼äº‹æ¥­éƒ¨] å‰ç«¯å·¥ç¨‹å¸«,ä¹…å¤§è¡ŒéŠ·è‚¡ä»½æœ‰é™å…¬å¸,https://www.cakeresume.com/companies/gtmc/jobs/new-business-division-front-end-engineer,35000,80000,TWD,"Vue, JavaScript, "
ã€PropTechæ•¸ä½äººæ‰æ‹›å‹Ÿã€‘å‰ç«¯Webå·¥ç¨‹å¸«,ä¿¡ç¾©ä¼æ¥­é›†åœ˜ï½œä¿¡ç¾©æˆ¿å±‹è‚¡ä»½æœ‰é™å…¬å¸,https://www.cakeresume.com/companies/sinyi/jobs/235fb9,40000,80000,TWD,"JavaScript, RESTful API, CSS Frameworks, React.jsæˆ–Vue.jsæˆ–AngularJS, git, "
å‰ç«¯å·¥ç¨‹å¸« Frontend Engineer,è‹±å±¬ç¶­äº¬ç¾¤å³¶å•†æ˜“è²¿å‰µæŠ•æœ‰é™å…¬å¸å°ç£åˆ†å…¬å¸,https://www.cakeresume.com/companies/hktv-hk-big5-global-home-htm-d36855/jobs/talent-acquisition-officer,50000,100000,TWD,"Java, JavaScript, HTML, CSS, React.js, vue.js, AngularJS, "
Reactå‰ç«¯å·¥ç¨‹å¸«,ç·¯è‚²è‚¡ä»½æœ‰é™å…¬å¸,https://www.cakeresume.com/companies/wiedu/jobs/senior-front-end-engineer-e46596,40000,70000,TWD,"JavaScript, Sass, vue.js, AngularJS, React.js, HTML5, CSS3, Redux, "
Front-end Developer,JICHANG,https://www.cakeresume.com/companies/jichang/jobs/front-end-developer-483206,60000,100000,TWD,
(Junior) å‰ç«¯å·¥ç¨‹å¸«Front-end Engineer (React),æ­é›¶è·è¡ŒéŠ·ç§‘æŠ€æœ‰é™å…¬å¸,https://www.cakeresume.com/companies/lin-ee-3enggyr/jobs/junior-front-end-engineer-react,40000,50000,TWD,"React.js, Front-End, MarTech, èŠå¤©æ©Ÿå™¨äºº, chatbot, [emailÂ protected], Apollo, GraphQL, AntDesign, HTML/CSS, JavaScript, SQL, RESTfulAPI, "
å‰ç«¯å·¥ç¨‹å¸«,ANIWARE Company Limited ,https://www.cakeresume.com/companies/aniware/jobs/aniware-frontend-developer,900000,1200000,TWD,"JavaScript, jSON, XML, web technologies, HTML/CSS, React.js, React, ReactJS, "
å‰ç«¯ç¶²é å·¥ç¨‹å¸« Front-End Engineer,ç±³è˜­ç‡ŸéŠ·ç­–åŠƒè‚¡ä»½æœ‰é™å…¬å¸,https://www.cakeresume.com/companies/medialand-4087d0/jobs/front-end-engineer-96d692,40000,55000,TWD,"å°åŒ—, JavaScript, CSS, Internetç¨‹å¼è¨­è¨ˆå¸«, HTML, "
å‰ç«¯å·¥ç¨‹å¸« Frontend Engineer,SELLERLINX æ¨‚é‚åˆ©é”è‚¡ä»½æœ‰é™å…¬å¸,https://www.cakeresume.com/companies/sellerlinx/jobs/frontend-developer-sellerlinx,70000,90000,TWD,"HTML/CSS, JavaScript, jQuery, Angular, Adobe XD, AWS, Github, RESTfulAPI, Postman, "
ç¶²é å‰ç«¯å·¥ç¨‹å¸«,åº·è¨Šç§‘æŠ€è‚¡ä»½æœ‰é™å…¬å¸,https://www.cakeresume.com/companies/systech-index-php-lang-tw/jobs/web-front-end-engineer-1d07e6,33000,50000,TWD,"å‰ç«¯å·¥ç¨‹å¸«, ç¶²é å·¥ç¨‹å¸«, ç¶²é é–‹ç™¼, ç¶²é è¨­è¨ˆ, "
Reactç¶²é å‰ç«¯ç ”ç™¼å·¥ç¨‹å¸«,æ–°å•†è±ªè¯æœ‰é™å…¬å¸,https://www.cakeresume.com/companies/104-company-1a2x6bl4wl/jobs/react-web-front-end-development-engineer,40000,90000,TWD,
ç¶²ç«™è¦–è¦ºè¡ŒéŠ·è¨­è¨ˆå¸«,èƒ¡æ¡ƒå®‡å®™è‚¡ä»½æœ‰é™å…¬å¸,https://www.cakeresume.com/companies/linkulife/jobs/website-visual-marketing-designer,28000,35000,TWD,"powerpoint, illustrator, photoshop, excel, Frontend, HTML/CSS, JavaScript, jQuery, "
ã€å¾µæ‰ã€‘æ±æ£®è³¼ç‰© è³‡æ·±å‰ç«¯å·¥ç¨‹å¸«,æ±æ£®å¾—æ˜“è³¼è‚¡ä»½æœ‰é™å…¬å¸,https://www.cakeresume.com/companies/etmall/jobs/f2e-senior,60000,80000,TWD,"JavaScript, React, ASP.NET, Git, senior, CSS, F2E, "
(Angular) Front-end Solutions Architect ,CBX Software Limited Taiwan,https://www.cakeresume.com/companies/cbx-software-limited-taiwan/jobs/angular-front-end-solutions-architect,83333,125000,TWD,"Angular, Frontend Server Developer, JavaScript, Ionic, Hybrid App, "
Frontend Engineer,eSobiæ˜“æœæ¯”è‚¡ä»½æœ‰é™å…¬å¸,https://www.cakeresume.com/companies/esobi/jobs/frontend-engineer-790804,50000,80000,TWD,"Vue.js, React.js, Spring Framework, "
"Software Engineer (React.js, Next.js, React Native)",Tico - Where better conversation happens,https://www.cakeresume.com/companies/tico/jobs/software-engineer-2nkj67,58333,70833,TWD,"Redux, App, Next.js, React.js, React Native, React Hooks, Node.js, Webr, Docker, AWS, "
H5å‰ç«¯WEBéŠæˆ²é–‹ç™¼å·¥ç¨‹å¸«,æ˜Ÿçˆµç§‘æŠ€æœ‰é™å…¬å¸,https://www.cakeresume.com/companies/104-company-1a2x6bkm79/jobs/h5-front-end-web-game-development-engineer,32000,55000,TWD,"JavaScript, TypeScript, H5, React, HTTP, RESTful API, Egret, pixi.js, Cocos2dx-js, "
é›»å•†å‰ç«¯ç¶²ç«™è¨­è¨ˆå¸« Ecommerce Website Designer,Creative Ventures Lab ç‰å±±åœ‹éš›åŠ é€Ÿå™¨å»£å‘Šæœ‰é™å…¬å¸,https://www.cakeresume.com/companies/creative-ventures-lab/jobs/ecommerce-website-designer,30000,40000,TWD,"Shopify, WordPress, illustrator, photoshop, website, ecommerece, "
Senior Front-end Engineer,å¥½éšªç¶²ç§‘æŠ€è‚¡ä»½æœ‰é™å…¬å¸,https://www.cakeresume.com/companies/phew/jobs/front-end-engineer-cac05b,45000,80000,TWD,"front-end, å‰ç«¯, javascript, vue, react, html5, js, css, rwd, sass, scss, git, api, restful, engineer, "
è³‡æ·±å‰ç«¯å·¥ç¨‹å¸«,æƒ ç¾¤äººåŠ›è³‡æºç®¡ç†é¡§å•æœ‰é™å…¬å¸,https://www.cakeresume.com/companies/hchrtw-web/jobs/senior-front-end-engineer-1bb169,1700000,2200000,TWD,
Frontend developer (TW),é¦™æ¸¯å•†ä¿Šæ€æµ·å¤–æœ‰é™å…¬å¸å°ç£åˆ†å…¬å¸,https://www.cakeresume.com/companies/imaginex/jobs/frontend-developer-tw,60000,130000,TWD,
é›»å•†å¹³å°å‰ç«¯å·¥ç¨‹å¸«,ç¾è€Œå¿«é›»å•†é‡‘èç§‘æŠ€è‚¡ä»½æœ‰é™å…¬å¸,https://www.cakeresume.com/companies/fasney/jobs/front-end-engineer-of-e-commerce-platform,35000,60000,TWD,"vue.js, "
å‰ç«¯å·¥ç¨‹å¸«(React),æ„›å çš„ç‹—å¨›æ¨‚è‚¡ä»½æœ‰é™å…¬å¸,https://www.cakeresume.com/companies/thebarkingdog-games/jobs/front-end-engineer-react-1a8271,42000,53000,TWD,"React, "
å‰ç«¯å·¥ç¨‹å¸«,æ–°åŠ å¡å•†ç•°åŸŸè³‡è¨Šæœ‰é™å…¬å¸å°ç£åˆ†å…¬å¸,https://www.cakeresume.com/companies/travelskope/jobs/front-end-engineer-1e84fb,630000,910000,TWD,"vue.js, JavaScript, HTML/CSS, "
è³‡æ·±å‰ç«¯å·¥ç¨‹å¸«,ç§‘èŠåšç‘ç§‘æŠ€æœ‰é™å…¬å¸,https://www.cakeresume.com/companies/collaborate/jobs/senior-front-end-engineer-c00f04,0,0,TWD,"JavaScript, "
è³‡æ·±å‰ç«¯å·¥ç¨‹å¸«,å¤©ä½¿æ¶ˆè²»ç§‘æŠ€è‚¡ä»½æœ‰é™å…¬å¸,https://www.cakeresume.com/companies/angelsctek/jobs/senior-front-end-engineer-319886,0,0,TWD,"React.js, JavaScript, Git, HTML/CSS, "
éŠæˆ²å‰ç«¯å·¥ç¨‹å¸«,å¤§ç‰›ç§‘æŠ€æœ‰é™å…¬å¸,https://www.cakeresume.com/companies/Bcow/jobs/game-front-end-engineer-69353c,50000,100000,TWD,"Unity3D, Cocos Creator, C#, TypeScript, "
ã€æ–°ç«¹ç§‘å­¸åœ’å€ã€‘ä¸­éšå‰ç«¯å·¥ç¨‹å¸« Junior Frontend Engineer â€‹,é‡‘è˜‹æœä¸€ç«™å¼é›»å•†é¡§å• Avalon E-Com Agency ,https://www.cakeresume.com/companies/job/jobs/hsinchu-science-park-junior-frontend-engineer,40000,55000,TWD,
Frontend å‰ç«¯å·¥ç¨‹å¸«,ä»Šç¶²æ™ºæ…§ç§‘æŠ€è‚¡ä»½æœ‰é™å…¬å¸,https://www.cakeresume.com/companies/smartdailytw-327e4e/jobs/frontend-frontend-engineer,30000,50000,TWD,
è³‡æ·±å‰ç«¯å·¥ç¨‹å¸« Sr. Front-end Engineer,aifian_è«¦è«¾æ™ºé‡‘è‚¡ä»½æœ‰é™å…¬å¸,https://www.cakeresume.com/companies/aifian/jobs/sr-front-end-engineer-e8397d,90000,90000,TWD,"React.js, RWD, CSS, JavaScript, Github, React Native, "
LINE Pay_Front-End Engineer ,LINE Pay,https://www.cakeresume.com/companies/line-pay/jobs/line-pay_front-end-engineer,40000,0,TWD,"Vue, react.js, angular.js, REST, SPA, SSR, "
PHP Developer,æ„›æ’­è³‡è¨Šè‚¡ä»½æœ‰é™å…¬å¸,https://www.cakeresume.com/companies/facebook-iamstar-tv/jobs/php-developer-693f2f,60000,120000,TWD,
JavaScript ç”¢å“é–‹ç™¼å·¥ç¨‹å¸« (ç„¡ç¶“é©—å¯),å¥§ç‰¹åœ–è‚¡ä»½æœ‰é™å…¬å¸,https://www.cakeresume.com/companies/orderly/jobs/ef4d8c,40000,45000,TWD,"JavaScript, D3.js, APIä¸²æ¥, Git, "
ç¶²é å‰ç«¯å·¥ç¨‹å¸«,é…·å¥‡éµå…‹æœ‰é™å…¬å¸,https://www.cakeresume.com/companies/4337f9/jobs/web-front-end-engineer-ff441b,55000,65000,TWD,"HTML/CSS, SCSS, SASS, javascript, vue.js, React.js, AngularJS, RWD, Webpack, "
ã€æŠ€è¡“éƒ¨ã€‘è³‡æ·±å‰ç«¯å·¥ç¨‹å¸«,è–éœæœ‰é™å…¬å¸,https://www.cakeresume.com/companies/104-company-1a2x6bl0n7/jobs/technology-department-senior-front-end-engineer,40000,100000,TWD,"JavaScript, Babel, ES6, ES7, vue.js, Webpack, RESTful APIs, WebSocket, Puppeteer, mocha, "
Webè³‡æ·±å‰ç«¯å·¥ç¨‹å¸«,éº’å‡Œåœ‹éš›æœ‰é™å…¬å¸,https://www.cakeresume.com/companies/TP_CR/jobs/senior-front-end-engineer-8de774,60000,100000,TWD,"è³‡æ·±å‰ç«¯, Vue, å‰ç«¯å·¥ç¨‹å¸«, å‰ç«¯é–‹ç™¼, JavaScript, "
Application Engineer/frontend,DBS Bank,https://www.cakeresume.com/companies/dbs-bank/jobs/application-engineer-frontend,50000,65000,TWD,"JavaScript, HTML, "
å‰ç«¯å·¥ç¨‹å¸«,ç›ˆè¯åœ‹éš›æœ‰é™å…¬å¸,https://www.cakeresume.com/companies/yinunite/jobs/front-end-engineer-63870d,40000,75000,TWD,
å‰ç«¯è»Ÿé«”ç ”ç™¼å·¥ç¨‹å¸« Frontend,ç«¹é–“æ™ºèƒ½ç§‘æŠ€æœ‰é™å…¬å¸,https://www.cakeresume.com/companies/emotibot/jobs/frontend-software-development-engineer-frontend,42000,70000,TWD,
ã€ä»£æ‹›ã€‘å‰ç«¯å·¥ç¨‹å¸« (ç–«æƒ…é–“å°ç£é ç«¯å·¥ä½œ),å‡±è¿…ç®¡ç†è«®è©¢æœ‰é™å…¬å¸,https://www.cakeresume.com/companies/104-company-1a2x6bjzjw/jobs/015f1b,60000,80000,TWD,"React, JavaScript, HTML5, CSS, "
Senior React/Vue Frontend Engineer è³‡æ·±å‰ç«¯å·¥ç¨‹å¸«,å‰è¯æ•¸ä½ç§‘æŠ€å¨›æ¨‚è‚¡ä»½æœ‰é™å…¬å¸,https://www.cakeresume.com/companies/gamemkt/jobs/0e3071,60000,90000,TWD,"React, Vue, Angular, Sass, ES6, Git, CSS, "
å‰ç«¯å·¥ç¨‹å¸«,å¯°å®‡åˆ©äººæ•™è‚²è‚¡ä»½æœ‰é™å…¬å¸,https://www.cakeresume.com/companies/blog-globalte/jobs/front-end-engineer-a68c93,40000,80000,TWD,
å‰ç«¯å·¥ç¨‹å¸«,æ—©å®‰å¥åº·è‚¡ä»½æœ‰é™å…¬å¸,https://www.cakeresume.com/companies/everydayhealth/jobs/front-end-engineer-988a4e,50000,65000,TWD,"HTML/CSS, JavaScript, JSP, Vue.js, "
å‰ç«¯å·¥ç¨‹å¸«,å·¥ä¸€ç§‘æŠ€,https://www.cakeresume.com/companies/onework/jobs/front-end-engineer-8498e6,45000,80000,TWD,"React.js, Front-end, Node.js, "
ç¶²ç«™å‰ç«¯å·¥ç¨‹å¸«/å°å—,å¯æ€ç§‘æŠ€è‚¡ä»½æœ‰é™å…¬å¸,https://www.cakeresume.com/companies/codepulse/jobs/front-end-engineer-tainan-44962b,30000,40000,TWD,"HTML/CSS, scss, jQuery, "
å‰ç«¯å·¥ç¨‹å¸«,å·¨è·¡è³‡è¨Šè‚¡ä»½æœ‰é™å…¬å¸,https://www.cakeresume.com/companies/giantleap/jobs/front-end-engineer-61f611,38000,38000,TWD,"PHP, JavaScript, ERP, CSS, HTML5, Vue, Angular, Python, MySQL, "
å‰ç«¯å·¥ç¨‹å¸«,Perkd Taiwan,https://www.cakeresume.com/companies/perkd-taiwan/jobs/front-end-engineer-6ee949,40000,80000,TWD,"Angular, RESTfulAPI, Git, HTML5, React.js, ReactNative, VueJS, "
å‰ç«¯å·¥ç¨‹å¸«,é›²æ·±å‰µæ–°è‚¡ä»½æœ‰é™å…¬å¸,https://www.cakeresume.com/companies/cloudeep/jobs/front-end-engineer-6970a7,50000,0,TWD,
å‰ç«¯å·¥ç¨‹å¸« (Senior) â˜…è–ªå„ªç¦åˆ©ä½³â˜…,è–©æ‘©äºå•†ç¾¤ç¦§æœ‰é™å…¬å¸,https://www.cakeresume.com/companies/ajtaiwan/jobs/front-end-engineer-9fa986,40000,60000,TWD,"javascript, AngularJS, ReactJS, Vue, "
æ™ºæ…§é†«ç™‚ç³»çµ±å‰ç«¯è»Ÿé«”å·¥ç¨‹å¸«(91539831),1111çµæ‰é¡§å•ä¸­å¿ƒExecutive Recruiting Consultancy Dept.,https://www.cakeresume.com/companies/1111-cc8677/jobs/6b6f6d,40000,60000,TWD,"å‰ç«¯å·¥ç¨‹å¸«, æ™ºæ…§é†«ç™‚, HTML, CSS, JavaScript, AngularJS, jQuery, "
UI/UX å‰ç«¯è¨­è¨ˆ å·¥ç¨‹å¸« ï»¿,é¹¿å¤šå…‹æœ‰é™å…¬å¸,https://www.cakeresume.com/companies/lotokcreatives/jobs/ui-ux-front-end-design-engineer,60000,65000,TWD,"Sketch, Framer X, InVision Studio, Adobe Photoshop, Adobe XD, Adobe Illustrator, Figma, Axure, HTML, Node.js, Ruby on Token, CSS, "
ç¶²é è¨­è¨ˆå¸«-å°åŒ—,ä¿ç¶“ç§‘æŠ€æœ‰é™å…¬å¸,https://www.cakeresume.com/companies/prokey/jobs/web-designer-taipei,30000,60000,TWD,
ã€2020å±†æ ¡æ‹›ã€‘å‰ç«¯é–‹ç™¼å·¥ç¨‹å¸«ï¼ˆJupiter),RingCentral ,https://www.cakeresume.com/companies/ringcentral/jobs/1fbc5f,0,0,TWD,
ã€ç ”ç™¼è™•ã€‘å‰ç«¯ç¶²é å·¥ç¨‹å¸«,è‹±ç‰¹å…§è»Ÿé«”è‚¡ä»½æœ‰é™å…¬å¸,https://www.cakeresume.com/companies/interinfo/jobs/r-amp-d-department-front-end-web-engineer,40000,50000,TWD,
Frontend Software Engineer å‰ç«¯å·¥ç¨‹å¸« (Junior/Senior) ,Oriente é¦™æ¸¯å•†å¥§æ±æœ‰é™å…¬å¸å°ç£åˆ†å…¬å¸,https://www.cakeresume.com/companies/oriente/jobs/frontend-software-engineer-junior-senior,0,0,TWD,"html 5, javascript, web, frontend, json, software engineer, é›»å•†, ecommerce, å‰ç«¯å·¥ç¨‹å¸«, å‰ç«¯é–‹ç™¼, è»Ÿé«”å·¥ç¨‹å¸«, è»Ÿé«”é–‹ç™¼, "
React å‰ç«¯å·¥ç¨‹å¸«,éŠéº’è³‡è¨Šè‚¡ä»½æœ‰é™å…¬å¸,https://www.cakeresume.com/companies/tappie/jobs/react-front-end-engineer-993627,30000,38000,TWD,"javascript, html5, css, ajaz, react, es6, rwd, restful, git, preprocessor, sass, scss, less, "
å‰ç«¯å·¥ç¨‹å¸«,å¾·å¦®æ–‡æ•™äº‹æ¥­æœ‰é™å…¬å¸,https://www.cakeresume.com/companies/derni/jobs/front-end-engineer-eac4de,28000,45000,TWD,"JavaScript, vue.js, Vue, HTML, CSS, Web, Front-End, "
è³‡æ·±å‰ç«¯å·¥ç¨‹å¸«,æ–°é ˜ç§‘æŠ€ä»½æœ‰é™å…¬å¸,https://www.cakeresume.com/companies/leadadvancetech/jobs/front-end-engineer-6f40d0,70000,100000,TWD,"vue.js, React.js, HTML5, AJAX, CSS, javascript, "
ç¶²é å·¥ç¨‹å¸«,å®‰å¿ƒæ•´åˆå®¤å…§è£ä¿®è¨­è¨ˆæœ‰é™å…¬å¸,https://www.cakeresume.com/companies/nxin/jobs/web-engineer-490ca8,35000,45000,TWD,"MySQL, HTML, jQuery, C++, Python, TCP/IP, HTTP, "
I200 MyMusicä¸²æµéŸ³æ¨‚å¹³å°è³‡æ·±è»Ÿé«”é–‹ç™¼å·¥ç¨‹å¸«,å°ç£å¤§å“¥å¤§,https://www.cakeresume.com/companies/taiwan-mobile/jobs/38d405,36000,53000,TWD,"Java, J2EE, spring framework, "
Senior Front-end web developer vue.js (remote),Tricella Inc.,https://www.cakeresume.com/companies/tricella-inc/jobs/senior-front-end-developer-senior-front-end-engineer-61ad18,60000,140000,TWD,"HTML, CSS, JavaScript, jQuery, gitflow, Vue.js, "
Ticket & Booking å‰ç«¯å·¥ç¨‹å¸«,æ—­æµ·åœ‹éš›ç§‘æŠ€è‚¡ä»½æœ‰é™å…¬å¸,https://www.cakeresume.com/companies/surehigh/jobs/ticket-amp-booking-front-end-engineer,35000,60000,TWD,"+PHP, MySQL, HTML/CSS, JavaScript, jQuery, XML, GCP, AWS, "
"	Senior Front end Developer",ç¾å•†ç¶²ç¢©ç§‘æŠ€ï¼ˆè‚¡ï¼‰å°ç£åˆ†å…¬å¸,https://www.cakeresume.com/companies/ffn/jobs/senior-front-end-developer-880bf8,120000,120000,TWD,"AJAX, HTML/CSS, Angular, JavaScript, jQuery, HTML5, XHTML, DOM, CSS3, "
ç¶²é è¨­è¨ˆå¸«,é»æ“Šåœ‹éš›æ•¸ä½æœ‰é™å…¬å¸,https://www.cakeresume.com/companies/lavida/jobs/54f1f8,40000,53000,TWD,"HTML, CSS, Illustrator, Photoshop, RWD, é›»å­å•†å‹™, "
å‰ç«¯å·¥ç¨‹å¸« Frontend Engineer (Vue),æŸè­‰åˆ¸è‚¡ä»½æœ‰é™å…¬å¸,https://www.cakeresume.com/companies/fundrich/jobs/frontend-engineer-vue,50000,60000,TWD,"javascript, vue.js, HTML/CSS, Node.js, Sass, "
éŠæˆ²Clientå‰ç«¯ç¨‹åº,è‰¾è‚¯å¨›æ¨‚è‚¡ä»½æœ‰é™å…¬å¸,https://www.cakeresume.com/companies/icanentertainment/jobs/game-client-front-end-program,0,0,TWD,"C#, JavaScript, socket, excel, powerpoint, visio, word, Unity3D, "
Front-End Developer å‰ç«¯å·¥ç¨‹å¸«,Infocast,https://www.cakeresume.com/companies/infocast/jobs/front-end-developer-front-end-engineer-98f02f,55000,90000,TWD,"JavaScript, React, React.js, HTML/CSS, Redux, "
VUE å‰ç«¯å·¥ç¨‹å¸«,é‚‘å† è³‡è¨Šæœ‰é™å…¬å¸,https://www.cakeresume.com/companies/icrown-index-html/jobs/vue-front-end-engineer-53a03a,28000,70000,TWD,"Vue, vuex, WEB API, HTML5, CSS3, "
è³‡æ·±å‰ç«¯å·¥ç¨‹å¸« ( Front-End Engineer ),æä¹‹è¨Šæœ‰é™å…¬å¸,https://www.cakeresume.com/companies/gets-info/jobs/senior-front-end-engineer-22b669,70000,100000,TWD,"javascript, "
å‰ç«¯å·¥ç¨‹å¸«,ä¸‰ç«¹è³‡è¨Šè‚¡ä»½æœ‰é™å…¬å¸,https://www.cakeresume.com/companies/mitake/jobs/front-end-engineer-c9509c,40000,80000,TWD,"HTML5, CSS3, JavaScript, JSON, jQuery, Angular, ReactJS, VueJS, WebPack, Gulp, "
è³‡æ·±å‰ç«¯å·¥ç¨‹å¸«_Leader,æ­éŠ€æ•¸ä½ç§‘æŠ€æœ‰é™å…¬å¸,https://www.cakeresume.com/companies/otg-o2ogt-admin-o2o_web-index_ch-html/jobs/senior-front-end-engineer_leader,70000,90000,TWD,"javascript, jQuery, CSS, HTML, Sass, "
"å‰ç«¯ç¶²é å·¥ç¨‹å¸«ï¼ˆFront-End Engineer, F2Eï¼‰",å¾å¾®è€Œæ™ºè‚¡ä»½æœ‰é™å…¬å¸,https://www.cakeresume.com/companies/waffle-city-d036b6/jobs/front-end-engineer-f2e-a56d7b,38000,48000,TWD,"JavaScript, HTML5, Angular, "
VUEå‰ç«¯å·¥ç¨‹å¸«,ä¸‰ç«‹é›»è¦–å°_ä¸‰ç«‹é›»è¦–è‚¡ä»½æœ‰é™å…¬å¸,https://www.cakeresume.com/companies/_-e28a34/jobs/vue-front-end-engineer,38000,50000,TWD,"Vue, jQuery, RWD, JavaScript, SASS, SCSS, AJAX, "
å‰ç«¯è¨­è¨ˆå·¥ç¨‹å¸«,æ£®å¾·ç¶²ç«™è¨­è¨ˆæœ‰é™å…¬å¸,https://www.cakeresume.com/companies/forestwebs/jobs/2abcbf,28000,40000,TWD,"Photoshop, ç¶²é è¨­è¨ˆ, Illustrator, å‰ç«¯å·¥ç¨‹, CSS, HTML, JQuery, JavaScript, "
React Native æ‰‹æ©ŸAPPå‰ç«¯å·¥ç¨‹å¸«,æ˜Ÿè¾°è»Ÿé«”é–‹ç™¼æœ‰é™å…¬å¸STAR TECH,https://www.cakeresume.com/companies/star-tech/jobs/react-native-mobile-app-front-end-engineer,50000,100000,TWD,"ReactNative, React.js, "
Webå‰ç«¯å·¥ç¨‹å¸«,æ€å‹è¨­è¨ˆæœ‰é™å…¬å¸,https://www.cakeresume.com/companies/pro-104-vip-cust-custmaster-bd84aa/jobs/web-front-end-engineer-681c2e,40000,60000,TWD,"javascript, +HTML5, +jQuery, +Vue.js, "
Web å‰ç«¯ ä¸­ç´š å·¥ç¨‹å¸«,è‰¾è–©å…‹ç§‘æŠ€æœ‰é™å…¬å¸,https://www.cakeresume.com/companies/cakeresume-companies-new-271f92/jobs/web-front-end-mid-level-engineer,50000,150000,TWD,"javascript, "
Senior Front-end Engineer,iStaging Corp. æ„›å¯¦å¢ƒ_å®…å¦è‚¡ä»½æœ‰é™å…¬å¸,https://www.cakeresume.com/companies/istaging/jobs/front-end-engineer-istaging,80000,120000,TWD,"JavaScript, +vue.js, +react. js., "
TW.S-ã€Html5éŠæˆ²é–‹ç™¼å·¥ç¨‹å¸«ã€‘,Awesome Gaming å‚²å‹éŠæˆ²è‚¡ä»½æœ‰é™å…¬å¸,https://www.cakeresume.com/companies/awesome-gaming/jobs/tw-s-html5-game-development-engineer,40000,70000,TWD,"Cocos Creator, javascript, HTML5, TypeScript, "
React.js å‰ç«¯è»Ÿé«”é–‹ç™¼å·¥ç¨‹å¸«,å°ç£ç‰™eé€š,https://www.cakeresume.com/companies/e-e99e93/jobs/node-js-81bd7a,45000,80000,TWD,"Nodejs, React.js, Frontend, "
å‰ç«¯é–‹ç™¼å·¥ç¨‹å¸«,åè¬™æ•¸ä½ç§‘æŠ€æœ‰é™å…¬å¸,https://www.cakeresume.com/companies/min-net-net/jobs/front-end-development-engineer,40000,60000,TWD,"Vue.js, "
ç¶²é éŠæˆ²å‰ç«¯å·¥ç¨‹å¸«/Web Game Frontend Engineer,VIST Research,https://www.cakeresume.com/companies/vist-research/jobs/7d513d,70000,100000,TWD,"frontend, game, game development, "
å‰ç«¯å·¥ç¨‹å¸«,è‡»ç¾ç§‘æŠ€,https://www.cakeresume.com/companies/usstocks/jobs/front-end-engineer-22137a,30000,50000,TWD,"javascript, HTML5, CSS3, "
Web å‰ç«¯ ä¸­ç´š å·¥ç¨‹å¸«,è‰¾è–©å…‹ç§‘æŠ€æœ‰é™å…¬å¸,https://www.cakeresume.com/companies/cakeresume-companies-new-eba76e/jobs/web-front-end-intermediate,50000,150000,TWD,"javascript, Angular, "
Front-end Developer ç¶²é å‰ç«¯å·¥ç¨‹å¸«,åœæ£‹äººç§‘æŠ€,https://www.cakeresume.com/companies/goer/jobs/front-end-developer-9805ab,35000,55000,TWD,"javascript, HTML5, vue.js, vuex, Engineering, 2-5 Years, Mid-Senior level, "
è³‡æ·±å‰ç«¯å·¥ç¨‹å¸« (Senior Frontend Engineer),å¤§å¸«ç§‘æŠ€æœ‰é™å…¬å¸,https://www.cakeresume.com/companies/104-company-1a2x6bkwvc/jobs/senior-frontend-engineer-6d0b34,70000,120000,TWD,"javascript, Frontend, "
å‰ç«¯ç¶²é å·¥ç¨‹å¸«,é¼èšæ•¸ä½ç§‘æŠ€è‚¡ä»½æœ‰é™å…¬å¸,https://www.cakeresume.com/companies/104-degetech/jobs/front-end-web-engineer-e2c5c1,40000,60000,TWD,"å‰ç«¯é–‹ç™¼å·¥ç¨‹å¸«, ç¶²é é–‹ç™¼å·¥ç¨‹å¸«, Front-End, Web Developer, RWD, javascript, HTML5, CSS, CSS3, JSON, AJAX, Browser, HTML/CSS, "
(IOT)Webå…¨ç«¯å·¥ç¨‹å¸«-CSS ,è¯å»£ç”ŸæŠ€è‚¡ä»½æœ‰é™å…¬å¸,https://www.cakeresume.com/companies/bionime/jobs/iot-web-full-end-engineer-css,40000,55000,TWD,"JavaScript, HTML5, CSS3, j2ee, Spring MVC, Hibernate, MySQL, RWD, Azure, AWS, gcp, ç³»çµ±è¨­è¨ˆ, è»Ÿé«”é–‹ç™¼, "
Frontend Software Engineer,ç¾¤ä»ç§‘æŠ€æœ‰é™å…¬å¸,https://www.cakeresume.com/companies/tersepoint/jobs/frontend-software-engineer-1cf682,40000,55000,TWD,"+HTML5, +css3, +JS, +javascript, +Git, +docker, "
React.js ç³»çµ±é–‹ç™¼å·¥ç¨‹å¸«,KanBanMAN(æ‰›æ£’äººä¼æ¥­ç¤¾),https://www.cakeresume.com/companies/kanbanman/jobs/react-js-system-development-engineer,30000,60000,TWD,"javascript, Node.js, React.js, "
ã€å°ä¸­ã€‘ã€èª è˜ WEB APP (Angular) å‰ç«¯å·¥ç¨‹å¸«ã€‘," ç‘ªå¸›ç§‘æŠ€ MABOW CO., LTD. ",https://www.cakeresume.com/companies/mabow-co-ltd/jobs/career-web-app-angular-front-end-engineer,40000,50000,TWD,"Angular, Web, å°ä¸­, è¥¿å±¯, CSS, JavaScript, ç¤¾æœƒä¼æ¥­, "
å‰ç«¯å·¥ç¨‹å¸« - Front End Engineer,ç‰§å¾·ç§‘æŠ€è‚¡ä»½æœ‰é™å…¬å¸,https://www.cakeresume.com/companies/machvision/jobs/front-end-engineer-front-end-engineer-9f2eb3,45000,70000,TWD,"vue.js, golang, HTML/CSS, Sketch, JIRA, UI/UX Designer, "
React Native Engineer,è‹±å±¬ç¶­äº¬ç¾¤å³¶å•†é‡‘åˆ¶æœ‰é™å…¬å¸å°ç£è¾¦äº‹è™•,https://www.cakeresume.com/companies/gramgold/jobs/react-native-engineer-4ed49d,70000,100000,TWD,"ReactNative, JavaScript, IOS Development, blockchain, Cryptocurrency, "
å‰ç«¯åŠ©ç†å·¥ç¨‹å¸«,å°ç›ˆè³‡è¨Šç§‘æŠ€æœ‰é™å…¬å¸,https://www.cakeresume.com/companies/taiwinner/jobs/front-end-assistant-engineer-8d4b7e,30000,40000,TWD,"HTML, JavaScript, CSS, "
å‰ç«¯å·¥ç¨‹å¸«,æ™¯æ‰¿ç§‘æŠ€è‚¡ä»½æœ‰é™å…¬å¸,https://www.cakeresume.com/companies/rawstone/jobs/front-end-engineer-8f3e9c,40000,60000,TWD,"#AngularJS, #HTML5, #CSS3, #Bootstrap, #jQuery, #JavaScript, #RWD, "
ç¶²é è¨­è¨ˆå¸«ï¼ˆæ­£è·ï¼‰,å…§å®¹é›»åŠ›è‚¡ä»½æœ‰é™å…¬å¸,https://www.cakeresume.com/companies/shop-mastertalk/jobs/9891a8,38000,38000,TWD,"Photoshop, UI/UXDesign, Illustrator, "
å‰ç«¯å·¥ç¨‹å¸«,æµ·éŸ³æ•¸ä½å‰µæ„æœ‰é™å…¬å¸,https://www.cakeresume.com/companies/hiin/jobs/front-end-engineer-3983a9,40000,60000,TWD,"å‰ç«¯å·¥ç¨‹å¸«, js, HTML/CSS, "
ç¶²é å‰ç«¯/å…¨ç«¯ å·¥ç¨‹å¸«,Mycoach ç¾¤å‹•æœ‰é™å…¬å¸,https://www.cakeresume.com/companies/mycoach/jobs/assistant-engineer,28000,40000,TWD,"æ–°å‰µå…¬å¸, "
è³‡æ·±å‰ç«¯å·¥ç¨‹å¸«,è´ˆç‰©ç¶²å…±äº«å¹³å°è‚¡ä»½æœ‰é™å…¬å¸,https://www.cakeresume.com/companies/give543-ba6c7b/jobs/senior-front-end-engineer-4c09b2,55000,70000,TWD,"å°åŒ—, JavaScript, vue.js, React.js, å‰ç«¯å·¥ç¨‹å¸«, "
å‰ç«¯-ç¶²ç«™è¨­è¨ˆå¸« (æ­¡è¿ç¤¾æœƒæ–°é®®äºº),ç¿”å‚²åœ‹éš›é›»è¨Šæœ‰é™å…¬å¸,https://www.cakeresume.com/companies/nimbus-71647b/jobs/1a7e3f,36000,50000,TWD,"Photoshop, Illustrator, ç¶²é è¨­è¨ˆ, "
